Όνομα,Απόσταση από νοσοκομείο,Αστέρια,Ιστοσελίδα,E-Mail,Τηλέφωνο,Τηλέφωνο 2,Αριθμός Φαξ,Πόλη,Διεύθυνση,Ταχυδρομικός Κώδικας,Εναλλακτικό Τηλέφωνο,Εναλλακτικό Φαξ
ΑΑΧΕΝ,,2,www.midashotels.gr,floropoulosnikos@yahoo.gr,210-8135184,210-8132794,210-8135184,Νέα Ερυθραία,19 ΧΛΜ ΑΘΗΝΩΝ-ΛΑΜΙΑΣ,145 78,,
ΑΒΑ,"


2 Χλμ
",4,www.avahotel.gr,info@avahotel.gr,210-3259000,,210-3259001,Αθήνα,ΛΥΣΙΚΡΑΤΟΥΣ 9-11,105 58,,
ΑΓΑΜΕΜΝΩΝ,"


15 Χλμ
",2,www.agamemnonhotel.gr,reservations@dolphinhotel.gr,22950-83806,22950-84708,22950-84707,Άγιοι Απόστολοι,ΑΓΑΜΕΜΝΩΝΟΣ 14,190 17,,
ΑΓΓΕΛΙΚΑ,"


0.2 Χλμ
",4,www.angelica.gr,angelhyd@otenet.gr,22980-53202,22980-53264,22980-53542,Ύδρα,ΥΔΡΑ,180 40,,
ΑΓΙΟΣ ΓΕΩΡΓΙΟΣ ΛΥΚΑΒΗΤΤΟΥ,"


0.5 Χλμ
",5,www.sgl.gr,info@sgl.gr,210-7290711/9,,210-7247610,Αθήνα,ΚΛΕΟΜΕΝΟΥΣ 2  &  ΔΕΙΝΟΚΡΑΤΟΥΣ,106 75,,
ΑΓΚΙΣΤΡΙ,"


0.1 Χλμ
",1,,pannek@aig.forthnet.gr,22970-91228,22970-91502,22970-91342,Μεγαλοχώρι-Αγκίστρι,ΑΓΚΙΣΤΡΙ ΑΙΓΙΝΑΣ,180 10,2297-091228,2297-091342
ΑΓΚΥΡΑ,"


2 Χλμ
",2,,,22980-22432,22980-22368,22980-24500,Πόρος,ΝΕΩΡΙΟ,180 20,2298-022368,2298-024500
ΑΔΑΜ,"


3 Χλμ
",2,www.adamshotel.gr,info@adamshotel.gr,210-3225381,,210-3246582,Αθήνα,ΧΑΙΡΕΦΩΝΤΟΣ 6,105 58,,
ΑΔΡΙΑΝΟΣ,"


1 Χλμ
",3,https://hoteladrian.com,douros@otenet.gr,210-3221553,210-3250454,210-3250461,Αθήνα,ΑΔΡΙΑΝΟΥ 74,105 56,,
ΑΔΩΝΙΣ,"


0.5 Χλμ
",1,,apodiakostravel@yahoo.gr,210-4520330,,210-4180915,Πειραιάς,ΦΙΛΩΝΟΣ 70,185 35,,
ΑΔΩΝΙΣ,"


2 Χλμ
",2,www.hotel-adonis.gr,info@hotel-adonis.gr,210-3249737,210-3249738,210-3231602,Αθήνα,ΚΟΔΡΟΥ 3,105 58,,
ΑΖΟΥΡ,,4,,manager@azurhotel.gr,2109673181,,,Βουλιαγμένη,ΔΕΚΕΛΕΙΑΣ ΚΑΙ ΔΑΝΑΗΣ 10,16671,,
ΑΘΕΝΙΑΝ ΡΙΒΙΕΡΑ,"


2 Χλμ
",4,www.arhotel.gr,info@arhotel.gr,210-8900000,,,Βουλιαγμένη,ΑΡΜΟΝΙΑΣ ΚΑΙ ΔΑΝΑΗΣ 7,166 71,210-8900000,210-8900000
ΑΘΕΝΣ ΑΒΕΝΙΟΥ,,4,www.athensavenuehotel.gr,book@athensavenuehotel.gr,2111095600,,2111095699,Καλλιθέα,ΛΕΩΦΟΡΟΣ ΣΥΓΓΡΟΥ 182,176 71,,
ΑΘΕΝΣ ΑΤΡΙΟΥΜ,"


2 Χλμ
",4,www.athensatrium.gr,info@athensatrium.gr,210-9319300/4,,210-9319305,Αθήνα,ΩΚΕΑΝΙΔΩΝ 21,117 45,210-9319300,210-9319305
ΑΘΕΝΣ ΓΟΥΟΖ,,5,https://www.athenswas.gr/,info@epilogiktirion.gr,2107254871,2109249954,,Αθήνα,ΔΙΟΝΥΣΙΟΥ ΑΕΡΟΠΑΓΙΤΟΥ 5,11742,,
ΑΘΕΝΣ ΖΑΦΟΛΙΑ,"


0.5 Χλμ
",4,www.athenszafoliahotel.gr,info@zafoliahotel.gr,2106449002,,2106442042,Αθήνα,ΛΕΩΦ.ΑΛΕΞΑΝΔΡΑΣ 87-89,114 74,,
ΑΘΕΝΣ ΖΟΥΜΕΛ 2,,5,staycocomat.com,info@cocomatjumelle.com,2107230000,,,Αθήνα,ΗΡΟΔΟΤΟΥ 2,10675,,
ΑΘΕΝΣ ΙΡΙΣ,,3,,intersur2016@gmail.com,6937681781,,,Αθήνα,ΔΟΜΟΚΟΥ 2,10440,,
ΑΘΕΝΣ ΚΟΣΤ ΧΟΤΕΛ,"


2 Χλμ
",4,www.athenscoasthotel.gr,info@athenscoasthotel.gr,210-8981154,,210-8981746,Γλυφάδα,ΓΡΗΓΟΡΙΟΥ ΛΑΜΠΡΑΚΗ 25,166 75,,
ΑΘΕΝΣ ΜΑΡΙΟΤ,"


2 Χλμ
",5,www.chandris.gr,info@marriottathens.com,210-9471000,,210-9471010,Παλαιό Φάληρο,Λ.ΣΥΓΓΡΟΥ 385,175 64,,
ΑΘΕΝΣ ΟΝΕ ΧΟΤΕΛ,,4,www.athensonehotel.gr,info@athensonehotel.gr,2119909100,,,Αθήνα,ΒΕΡΑΝΤΖΕΡΟΥ  50,10438,,
ΑΘΕΝΣ ΠΛΑΖΑ – ΝJV,"


2 Χλμ
",5,www.njvathensplaza.gr,info@njvathensplaza.gr,210-3352400,,210-3235856,Αθήνα,ΒΑΣ.ΓΕΩΡΓΙΟΥ Α'2 ΑΘΗΝΑ,105 63,,
ΑΘΕΝΣ ΡΟΥΤΣ,,4,www.accorhotels.com/gb/hotel-B448-ibis-styles-athens-routes/index.shtml,HB448-RE@accor.com,2111042900,2109016221,2111042999,Αθήνα,Λ. ΒΟΥΛΙΑΓΜΕΝΗΣ 109,11636,,
ΑΘΕΝΣ ΣΙΤΥ,"


1 Χλμ
",2,www.athenscityhotel.com,rsv@athenscityhotel.com,210-8629115,210-8620608,210-8620613,Αθήνα,ΠΑΤΗΣΙΩΝ 232,112 56,,
ΑΘΕΝΣ ΣΤΑΡ ΛΑΪΤ ΧΟΤΕΛ,,3,www.athensstarlight.com,info@athensstarlight.com,2103211686,,2103211686,Αθήνα,ΑΓΑΘΩΝΟΣ 9,10552,,
ΑΘΕΝΣ ΤΙΑΡ,"


0.5 Χλμ
",4,www.athenstiarehotel.com,info@athenstiarehotel.com,210-5200300,,210-5200981,Αθήνα,ΠΕΙΡΑΙΩΣ 2,104 31,,
ΑΘΕΝΣ ΧΑΜΠ ΧΟΣΤΕΛ,,0,,k.chrysosp@gmail.com,6934274562,,,Αθήνα,ΑΓΙΑΣ ΕΛΕΟΥΣΗΣ 7,10554,,
ΑΘΕΝΣ ΧΑΟΥΖ,"


0.5 Χλμ
",2,,atom.neokleous@gmail.com,210-3245960,,,Αθήνα,ΑΡΙΣΤΟΤΕΛΟΥΣ 4,104 32,,
ΑΘΕΝΣ ΧΟΟΥΚΣ,"


0.5 Χλμ
",2,,hawkshostel@gmail.com,210-5239712,210-5241209,210-5239713,Αθήνα,ΜΕΝΑΝΔΡΟΥ 25,105 53,,
ΑΘΕΝΣΤΑΪΛ,,0,www.athenstyle.com,info@athensstyle.com,2103225010,,2103225010,Αθήνα,ΘΕΚΛΑΣ  10,10554,,
ΑΘΗΝΑ,"


10 Χλμ
",3,www.athena-hotel.gr,info@athena-hotel.gr,27360-31942,27360-31952,27360-31952,Μυλοπόταμος,ΜΥΛΟΠΟΤΑΜΟΣ ΚΥΘΗΡΩΝ,801 00,,
ΑΘΗΝΑ ΕΠΙΛΟΓΗ,"


0.15 Χλμ
",2,www.athenschoice.com,athenschoice@gmail.com,210-5238738,210-5238739,210-5225954,Αθήνα,ΒΕΡΑΝΖΕΡΟΥ 45,104 32,,
ΑΘΗΝΑ ΕΥΚΟΛΗ ΠΡΟΣΒΑΣΗ,"


0.5 Χλμ
",2,,nicospap9@gmail.com,210-5243211,210-5243213,,Αθήνα,ΣΑΤΩΒΡΙΑΝΔΟΥ 26,104 32,,
ΑΘΗΝΑ ΚΕΝΤΡΟ ΠΛΑΤΕΙΑ,"


0.7 Χλμ
",3,www.athenscentersquarehotel.gr,acs@athenshotelsgroup.com,210-3211770,,210-3211800,Αθήνα,ΑΡΙΣΤΟΓΕΙΤΟΝΟΣ 15,105 52,,
ΑΘΗΝΑ ΚΥΠΡΙΑ,"


0.9 Χλμ
",4,www.athenscypria.com,info@athenscypria.com,210-3238034/8,,210-3248792,Αθήνα,ΔΙΟΜΕΙΑΣ 5,105 63,,
ΑΘΗΝΑ ΛΥΔΙΑ,"


2 Χλμ
",2,www.athenslydiahotel.gr,athenslydiahotel@gmail.com,210-8218140,210-8218470,210-8215992,Αθήνα,ΛΙΟΣΙΩΝ 121,104 45,,
ΑΘΗΝΑ ΞΕΝΩΝΑΣ ΝΕΟΤΗΤΟΣ ΠΑΓΚΡΑΤΙΟΝ,,0,athensyhostel.com,info@athensyhostel.com,2107519530,,2107510616,Αθήνα,ΔΑΜΑΡΕΩΣ 75,11633,,
ΑΘΗΝΑ ΨΥΡΡΗ,,1,www.athenspsirihotel.com,info@athenspsirihotel.com,210-5234329,,,Αθήνα,ΣΟΦΟΚΛΕΟΥΣ 32,105 52,,
ΑΘΗΝΑΙΑ ΚΑΛΛΙΡΟΗ,"


2 Χλμ
",4,www.tac.gr,hotel@tac.gr,210-9215353,,210-9215342,Αθήνα,ΠΕΤΜΕΖΑ 15  &  ΚΑΛΛΙΡΟΗΣ,117 43,,
ΑΘΗΝΑΪΚΗΣ ΑΓΟΡΑΣ ΠΟΡΤΡΕΤΟ,"


0.3 Χλμ
",1,www.hotelathinaikon.com,info@hotelathinaikon.com,210-3215657,,210-3215347,Αθήνα,ΕΥΡΙΠΙΔΟΥ 40,105 52,,
ΑΘΗΝΑΙΟΝ ΙΝΤΕΡΚΟΝΤΙΝΕΝΤΑΛ,"


5 Χλμ
",5,www.intercontinental.com/athens,panos.panayotopoulos@ihg.com,210-9206774,,210-9206500,Αθήνα,ΣΥΓΓΡΟΥ 89-93,117 45,,
ΑΘΗΝΑΙΣ,"


0.05 Χλμ
",3,www.athinaishotel.gr,info@athinaishotel.gr,210-6431133,,210-6461682,Αθήνα,ΛΕΩΦ.ΒΑΣΙΛΙΣΣΗΣ ΣΟΦΙΑΣ 99,115 21,,
ΑΘΗΝΙΑΝ ΜΟΝΤΑΖΑ,,3,,info@montaza.gr,6946626223,,,Αθήνα,Λ. Συγγρού 156,17671,,
ΑΘΙΝΙΟΥΜ ΓΚΡΑΝΤ,,4,www.athenaeumgrandhotel.com,info@athenaeumgrand.com.gr,210-9222500,,210-9222500,Καλλιθέα,ΛΕΩΦ.ΣΥΓΓΡΟΥ 142,176 72,,
ΑΘΙΝΙΟΥΜ ΣΜΑΡΤ,,4,,accounting@athenaeumhotels.com.gr,2109222500,,,Αθήνα,Λ. ΣΥΓΓΡΟΥ  127,11745,,
ΑΘΩΣ,"


1.5 Χλμ
",3,www.athoshotel.gr,athoshtl@otenet.gr,210-3220080,210-3221977,210-3210548,Αθήνα,ΠΑΤΡΩΟΥ 3,105 57,,
ΑΙΑΝΤΕΙΟΝ ΜΠΕΪ,"


20 Χλμ
",3,www.aianteionbay.gr,koupetoriscon@yahoo.gr,2111130446,2111130448,,Αιάντειο,ΑΓΓ.ΣΙΚΕΛΙΑΝΟΥ 8,189 00,2111130446,
ΑΙΓΑΙΟΝ,"


8 Χλμ
",4,www.aegeon-hotel.com,info@aegeon-hotel.com,22920-39200,,22920-39234,Κάτω Σούνιο,ΣΟΥΝΙΟ,195 00,,
ΑΙΓΙΝΑ,,2,www.hotelaegina.gr,info@hotelaegina.gr,22970-28501,,,Αγία Μαρίνα,ΣΤΡΑΤΗΓΟΥ ΔΗΜΗΤΡΙΟΥ ΠΕΤΡΙΤΗ 23,180 10,,
ΑΙΓΙΝΗΤΙΚΟ ΑΡΧΟΝΤΙΚΟ,"


1 Χλμ
",4,www.aeginitikoarchontiko.gr,fotisvoulgarakis@yahoo.gr,22970-24968,024156,22970-26716,Αίγινα,ΑΓ.ΝΙΚΟΛ. &  ΘΩΜΑΙΔΟΥ 1,180 10,,
ΑΙΓΛΗ,"


3 Χλμ
",2,www.aeglihotel-athens.gr,info@aeglihotel-athens.gr,210-5819516,210-5814900,210-5819515,Χαϊδάρι,ΣΤΡΑΤ.ΚΑΡΑΙΣΚΑΚΗ 1,124 61,,
ΑΙΓΛΗ,,2,,aegligalaris@hotmail.com,22970-32221,,22977-72228,Αγία Μαρίνα,ΑΓΙΑ ΜΑΡΙΝΑ ΑΙΓΙΝΑΣ,180 10,6972-339075,
ΑΚΑΔΗΜΙΑΣ ΞΕΝΟΔΟΧΕΙΟΝ-ΟΤΟΓΚΡΑΦ ΚΟΛΕΞΙΟΝ ΟΤΕΛ,,5,https://academiaofathens.com/,info@academiaofathens.com,2103670000,2103214534,,Αθήνα,ΑΚΑΔΗΜΙΑΣ 38 & ΟΜΗΡΟΥ 19,10672,,
ΑΚΡΟΠΟΛ,"


1 Χλμ
",2,www.acropole-hotel.gr,ahotel@otenet.gr,210-4173313,,210-4170525,Πειραιάς,Δ.ΓΟΥΝΑΡΗ 7,185 31,,
ΑΚΡΟΠΟΛ,"


3 Χλμ
",2,www.acropol.gr,info@acropol.gr,210-6826650,,210-6845057,Χαλάνδρι,ΠΕΝΤΕΛΗΣ 71,152 33,,
ΑΚΡΟΠΟΛΕΩΣ ΘΕΑ,"


1 Χλμ
",3,www.acropolisviewhotel.gr,av_hotel@otenet.gr,210-9217303,210-9217305,210-9230705,Αθήνα,ΓΟΥΕΜΣΤΕΡ 10,117 42,,
ΑΚΡΟΠΟΛΗΣ ΛΟΦΟΣ,"


2 Χλμ
",3,www.acropolishill.gr,info@acropolishill.gr,210-9235151,210-9235153,210-9247350,Αθήνα,ΜΟΥΣΩΝ 7-ΑΚΡΟΠΟΛΙΣ,117 42,,
ΑΚΡΟΠΟΛΙΑΝ ΣΠΙΡΙΤ,,4,,panosbetis@gmail.com,2109220810,,2109220820,Αθήνα,ΣΥΓΓΡΟΥ 7,11743,,
ΑΚΡΟΠΟΛΙΣ ΑΜΙ,"


2 Χλμ
",3,,info@acropolisamihotel.com,210-9220810,210-9220811,210-9220820,Αθήνα,ΗΡΑΣ 10  &  ΔΕΣΠ.ΣΕΧΟΥ,117 43,,
ΑΚΡΟΠΟΛΙΣ ΣΕΛΕΚΤ,"


2 Χλμ
",3,www.acropoliselect.gr,select3@otenet.gr,210-9211611,,210-9216938,Αθήνα,ΦΑΛΗΡΟΥ 37-39 ΜΑΚΡΥΓΙΑΝΝΗ,117 42,,
ΑΚΡΟΠΟΛΙΣ ΧΑΟΥΖ,"


1.5 Χλμ
",2,www.acropolishouse.gr,acropolishouse@gmail.com,2103222344,210-3222345,210-3244143,Αθήνα,ΚΟΔΡΟΥ 6-8,105 58,,
ΑΚΡΩΤΗΡΙ,"


7 Χλμ
",2,,akrotiri@kythera.gr,27360-33133,,,Πλατεία Άμμος,ΠΛΑΤΕΙΑ ΑΜΜΟΣ ΚΑΡΑΒΑΣ ΚΥΘΗΡΑ,802 00,,
ΑΚΤΑΙΟΝ,"


0.5 Χλμ
",3,www.stayinagistri.gr,dionysis@stayinagistri.gr,22970-91222,,22970-91015,Μεγαλοχώρι-Αγκίστρι,ΑΓΚΙΣΤΡΙ ΑΙΓΙΝΑΣ,180 10,,
ΑΚΤΗ,"


0.05 Χλμ
",3,,akti-livanates@hotmail.com,000-0000000,2233031305,22940-29373,Ραφήνα,ΒΙΘΗΝΙΑΣ 14,190 09,,
ΑΚΤΗ,,2,,,22970-32288,22970-32665,,Αγία Μαρίνα,ΑΓΙΑ ΜΑΡΙΝΑ ΑΙΓΙΝΑΣ,180 10,,
ΑΚΤΗ,"


0.06 Χλμ
",1,www.agistri.com.gr/akti,aktiagistri@gmail.com,22970-91232,,,Μεγαλοχώρι-Αγκίστρι,ΑΓΚΙΣΤΡΙ ΑΙΓΙΝΑΣ,180 10,,
ΑΚΤΗ ΑΚΡΩΤΗΡΙΟΥ ΣΟΥΝΙΟΥ,"


9 Χλμ
",4,www.capesounio.com,reservations.so@grecotel.com,22920-69700,210-7280400,22920-69770,Κάτω Σούνιο,67 ΧΛΜ ΑΘΗΝΩΝ-ΣΟΥΝΙΟΥ,195 00,2292-069700,
ΑΚΤΗ ΑΛΕΞΑΝΔΡΟΥ,,4,www.alexander-beach.gr,info@alexander-beach.gr,22910-61551,,22910-61545,Ανάβυσσος,47 ΧΛΜ ΛΕΩΦ.ΑΘΗΝ.-ΣΟΥΝΙΟΥ,190 13,,
ΑΚΤΗ ΕΒΕΡΕΝΤΕΝ,"


20 Χλμ
",4,www.evereden.gr,welcome@evereden.gr,6944313010,22910-60031,22910-60043,Ανάβυσσος,47 ΧΛΜ ΑΘΗΝΩΝ-ΣΟΥΝΙΟΥ,190 13,2291-060031,2291-060043
ΑΚΤΗ ΘΩΜΑΣ,"


0.5 Χλμ
",3,www.thomasbeachhotel.gr,thomasb@otenet.gr,22940-98886,22940-98887,22940-98885,Νέα Μάκρη,ΛΕΩΦ.ΠΟΣΕΙΔΩΝΟΣ 18,190 05,6942-201515,2294-098885
ΑΚΤΗ ΚΑΛΑΜΟΥ,"


19 Χλμ
",3,www.calamosbeach.gr,dmelikidis@mzt.gr,2310591444,22950-84882,22950-81339,Άγιοι Απόστολοι,ΑΓ.ΑΠΟΣΤΟΛΟΙ ΑΤΤΙΚΗΣ,190 14,21-02816316,21-02818843
ΑΚΤΗ ΚΥΘΗΡΑ,"


17 Χλμ
",2,www.visitkythira.com,kytbeach@otenet.gr,27360-33750,,2736033054,Διακόφτι,ΔΙΑΚΟΦΤΙ ΚΥΘΗΡΩΝ,802 00,21-09640335,21-04634841
ΑΚΤΗ ΜΑΡΑΘΩΝ,"


2 Χλμ
",3,www.marathonbeachresort.com,reservations@marathonbeachresort.com,22940-95022,22940-69106,22940-98840,Νέα Μάκρη,ΛΕΩΦΟΡΟΣ ΠΟΣΕΙΔΩΝΟΣ 12,190 05,,
ΑΚΤΗ ΠΛΑΤΕΙΑ ΑΜΜΟΣ,"


10 Χλμ
",2,platiaammosbeachhotel.blogspot.gr,modeas@gmail.com,27360-33960,27360-34176,27360-34176,Πλατεία Άμμος,ΠΛΑΤΕΙΑ ΑΜΜΟΣ ΚΑΡΑΒΑ ΚΥΘΗΡΩΝ,802 00,21-05736980,21-05736980
ΑΛΑΣΙΑ,"


0.2 Χλμ
",3,www.thealassia.com.gr,info@thealassia.com.gr,210-5274000,,210-5274029,Αθήνα,ΣΩΚΡΑΤΟΥΣ 50,104 31,,
ΑΛΒΥΩΝ,"


1 Χλμ
",2,,albion.athens@gmail.com,210-5228605,,,Αθήνα,ΑΚΟΜΙΝΑΤΟΥ 20,104 37,,
ΑΛΕΞ,"


0.5 Χλμ
",4,,accounting@santikoscollection.com,210-4117161,,210-4113694,Πειραιάς,ΒΑΣ.ΠΑΥΛΟΥ 109,185 33,,
ΑΛΕΞΑΝΔΡΑ,,1,www.alexandrashotel.gr,info@alexandrashotel.gr,22970-91251,6972829420,22970-91251,Μεγαλοχώρι-Αγκίστρι,ΑΓΚΙΣΤΡΙ ΑΙΓΙΝΑΣ,180 10,2297-091251,
ΑΛΕΞΑΝΔΡΗΣ,,1,http://alexandrishotel.com,alexandris.hotel@gmail.com,22980-73073,,22980-73074,Σπέτσες,ΣΠΕΤΣΕΣ,180 50,,
ΑΛΕΞΑΝΔΡΟΣ,"


0.1 Χλμ
",4,www.airotel.gr,alreception@airotel.gr,210-6430464,,210-6441084,Αθήνα,ΤΙΜ.ΒΑΣΣΟΥ 8,115 21,21-06400720,21-06400750
ΑΛΕΞΑΝΔΡΟΣ,"


0.05 Χλμ
",1,,,22970-32365,22970-32698,,Αγία Μαρίνα,ΑΓ.ΜΑΡΙΝΑ ΑΙΓΙΝΑΣ,180 10,2297-032365,
ΑΛΕΞΙΑ,,3,,,27360-34246,,,Αρωνιάδικα,,802 00,,
ΑΛΚΥΟΝΙΣ,"


2 Χλμ
",2,www.alkyonis-hotel.gr,info@alkyonis-hotel.gr,22950-32490,22950-32494,22950-31744,Μαρκόπουλο,ΠΑΡΑΛΙΑ ΜΑΡΚΟΠΟΥΛΟΥ ΩΡΩΠΟ,190 15,2295-032490,2295-031744
ΑΛΜΑ,"


0.3 Χλμ
",2,www.almahtl.gr,alma.athens@gmail.com,210-5240859,,,Αθήνα,ΔΩΡΟΥ 5,104 32,,
ΑΛΤΕΡ ΑΘΕΝΣ,"


1 Χλμ
",2,www.alterathens.gr,hotel@alterathens.gr,210-3805632,210-3300397,,Αθήνα,ΖΩΟΔΟΧΟΥ ΠΗΓΗΣ 100,114 73,,
ΑΛΥΖΙΑ,,1,,g.armatas@hotmail.com,210-3827757,,,Αθήνα,ΚΑΠΟΔΙΣΤΡΙΟΥ 3,106 77,,
ΑΛΦΑ,"


1.5 Χλμ
",2,,alfaskyhotel@yahoo.gr,210-4949930,210-4949932,210-4949933,Νίκαια,ΓΡ.ΛΑΜΠΡΑΚΗ 11,184 54,,
ΑΛΦΑ,"


5 Χλμ
",2,,petrosmakris@gmail.com,210-5578839,210-5578840,210-5578847,Σκαραμαγκάς,ΠΑΛΑΣΚΑ 6,124 61,,
ΑΜΑΖΩΝ,"


3 Χλμ
",3,www.amazonhotel.gr,admin@amazonhotel.gr,6946651173,,210-3226672,Αθήνα,ΜΗΤΡΟΠΟΛΕΩΣ & ΠΕΝΤΕΛΗΣ 7,105 57,2103234002,2103236672
ΑΜΑΛΙΑ,"


1 Χλμ
",4,www.amaliahotels.com,amalia@amaliahotels.com,210-3237301/9,,210-3223872,Αθήνα,ΞΕΝΟΦΩΝΤΟΣ -ΑΜΑΛΙΑΣ 10,105 57,,
ΑΜΑΡΙΛΙΑ,"


2 Χλμ
",4,www.amarilia.gr,dora@amarilia.gr,2108990391,,2108955790,Βουλιαγμένη,ΑΓ.ΝΙΚΟΛΑΟΥ 13,166 71,,
ΑΜΑΡΥΛΛΙΣ,"


0.1 Χλμ
",2,www.amarillishydra.gr,am-hydra@otenet.gr,22980-52249,22980-53611,22980-53446,Ύδρα,ΤΟΜΠΑΖΗ 15,180 40,,
ΑΜΜΩΔΗΣ ΑΚΤΗ,"


0.1 Χλμ
",2,,reservations@hotelsandybeach.gr,22970-32461,,22970-32149,Αγία Μαρίνα,ΑΓ.ΜΑΡΙΝΑ ΑΙΓΙΝΑΣ,180 10,6932-269642,2297032149
ΑΜΠΑΤΗΣ,"


0.3 Χλμ
",2,www.hotel-abatis.gr,info@hotel-abatis.gr,22970-91254,22970-91454,210-4123593,Μεγαλοχώρι-Αγκίστρι,ΑΓΚΙΣΤΡΙ ΑΙΓΙΝΑΣ,180 10,21-04124192,21-04123593
ΑΜΠΡΑΜΗΣ,,3,abramis.gr,info@abramis.gr,27360-33639,27360-33160,27360-33160,Μητάτα,ΜΗΤΑΤΑ ΚΥΘΗΡΩΝ,801 00,,
ΑΝΑΓΕΝΝΗΣΙΣ,,1,http://www.agistri.com.gr/anagennisis-hotel/,info@anagennisihotel.gr,22970-91332,22970-91290,,Μεγαλοχώρι-Αγκίστρι,ΑΓΚΙΣΤΡΙ ΑΙΓΙΝΑΣ,180 10,,
ΑΝΑΣΤΑΖΙΑ,"


5 Χλμ
",2,www.anastaziahotel.gr,g.parisis@anastaziahotel.gr,210-8132060,210-8132040,210-8132031,Δροσιά,ΑΡΓΟΝΑΥΤΩΝ 12 & ΚΟΜΝΗΝΩΝ 4,145 65,,
ΑΝΑΣΤΑΣΙΟΥ,,1,,,22970-91317,,,Μεγαλοχώρι-Αγκίστρι,ΣΚΑΛΑ ΑΓΚΙΣΤΡΙΟΥ ΑΙΓΙΝΑΣ,180 10,,
ΑΝΑΤΟΛΗ,"


0.2 Χλμ
",2,www.hotel-anatoli.gr,info@hotel-anatoli.gr,22970-32002,6946029290,22970-32003,Αγία Μαρίνα,ΑΓΙΑ ΜΑΡΙΝΑ ΑΙΓΙΝΑΣ,180 10,21-09409490,21-09405604
ΑΝΑΤΟΛΗ,"


7 Χλμ
",3,www.anatolihotel-kythira.gr,prineastelis@gmail.com,6972220803,27360-33171,27360-31864,Αγία Πελαγία,,801 00,2736039112,2736031864
ΑΝΔΡΕΑΣ,"


0.1 Χλμ
",1,www.hotelandreasagistri.com,andreasagistri@gmail.com,22970-91346,,22970-91231,Σκάλα,ΣΚΑΛΑ ΑΓΚΙΣΤΡΙΟΥ ΑΙΓΙΝΑΣ,180 10,2297-091346,2297-091231
ΑΝΕΜΕΣ,,2,https://anemeshotel.gr/,anemeshotel@gmail.com,2736034067,,,Αβλέμονας,,801 00,,
ΑΝΕΜΩΝΗ,"


1 Χλμ
",2,www.anemoni.gr,anemoni@otenet.gr,210-4111768,210-4130091,210-4111743,Πειραιάς,ΕΥΡΙΠΙΔΟΥ 65-67,185 32,,
ΑΝΕΣΙΣ,"


9 Χλμ
",2,www.hotelanesi.gr,info@hotelanesi.gr,2102814840,2102814827,210-2811814,Μεταμόρφωση,ΤΑΤΟΙΟΥ 227,144 52,,
ΑΝΕΣΙΣ,,3,www.maneashotel.com,prineastelis@gmail.com,27360-33503,,,Αγία Πελαγία,,802 00,,
ΑΝΙΤΑ,"


1 Χλμ
",2,www.hotelargoanita.com,argoanita@hotmail.com,210-4121795,210-4121024,210-4122420,Πειραιάς,ΝΟΤΑΡΑ 25,185 31,,
ΑΝΟΙΞΙΣ,"


8 Χλμ
",2,www.hotelanixi.gr,info@hotelanixi.gr,210-6218147,,210-8140639,Άνοιξη,ΛΕΩΦ.ΜΑΡΑΘΩΝΟΣ 17,145 69,6936-513024,
ΑΝΤΖΕΛΑ,"


16 Χλμ
",1,,info@hotelangela.gr,22970-32556,,22970-32606,Αγία Μαρίνα,ΑΓΙΑ ΜΑΡΙΝΑ ΑΙΓΙΝΑΣ,180 10,2297-071272,2297-032606
ΑΝΤΩΝΟΠΟΥΛΟΣ,"


1 Χλμ
",2,,antonopoulos.hotel@gmail.com,210-8946242,210-8945636,210-8940568,Γλυφάδα,ΓΡΗΓΟΡΙΟΥ ΛΑΜΠΡΑΚΗ 1,166 75,21-08948521,
ΑΠΟΛΛΩΝ,"


0.4 Χλμ
",3,,apolo@otenet.gr,22970-32271,22970-32281,22970-32688,Αγία Μαρίνα,ΑΓΙΑ ΜΑΡΙΝΑ ΑΙΓΙΝΑΣ,180 10,2297-032271,2297-032688
ΑΠΟΛΛΩΝ,"


2 Χλμ
",3,www.apollonhotel-athens.com,info@apollonhotel-athens.com,210-5226831,210-5245743,210-5245743,Αθήνα,ΑΧΙΛΛΕΩΣ 10,104 36,,
ΑΠΟΛΛΩΝ,"


0.5 Χλμ
",2,www.apollon-methana.gr/,info@apollon-methana.gr,22980-93082,,22980-92688,Μέθανα,ΑΚΤΗ ΣΑΡΩΝΙΚΟΥ 14,180 30,2298-092445,
ΑΠΟΛΛΩΝΕΙΟΝ,,2,www.hotelapollonio.com,,210-5224298,,,Αθήνα,ΛΕΩΝΙΔΟΥ 1,104 37,,
ΑΠΟΛΛΩΝΙΑ,"


5 Χλμ
",4,www.apolloniahotel.gr,nikos@apolloniahotel.gr,210-8973796,210-08975282,210-8974302,Βάρη,ΝΑΞΟΥ 9,166 72,21-08941110,21-08974302
ΑΠΟΣΠΕΡΙΔΕΣ,"


4 Χλμ
",2,aposperidehotel.gr,aposperides@gmail.com,27360-31656,27360-31790,27360-31301,Λιβάδι,ΛΕΙΒΑΔΙ ΚΥΘΗΡΩΝ,801 00,,
ΑΡΓΩ,"


1 Χλμ
",2,www.hotelargonita.com,argoanita@hotmail.com,210-4121795,,210-4122420,Πειραιάς,ΝΟΤΑΡΑ 23,185 31,,
ΑΡΓΩ,,3,www.argohotel.com,argo@suncruiser.org,22970-32266,2297032541,,Αγία Μαρίνα,ΑΓ.ΜΑΡΙΝΑ ΑΙΓΙΝΑΣ,180 10,2297-032266,
ΑΡΓΩ,"


0.2 Χλμ
",1,www.hostelargo.gr,argohotelathens@yahoo.gr,210-5225939,,210-5220682,Αθήνα,ΒΙΚΤΩΡΟΣ ΟΥΓΚΩ 25,104 37,,
ΑΡΓΩ,"


6 Χλμ
",2,,drivateo@gmail.com,210-5576105,,210-5579421,Σκαραμαγκάς,Β.ΕΛΛΑΔΟΣ 50,124 62,,
ΑΡΕΤΗ,"


0.2 Χλμ
",2,www.hotelsaegina.gr,ad.economics@gmail.com,2297022472,,22970-22472,Αίγινα,ΚΑΖΑΝΤΖΑΚΗ 3,180 10,,
ΑΡΕΤΟΥΣΣΑ,"


2 Χλμ
",3,www.arethusahotel.gr,info@arethusahotel.gr,210-3229431/8,3229438,210-3229439,Αθήνα,ΜΗΤΡΟΠΟΛΕΩΣ  &  ΝΙΚΗΣ 12,105 63,,
ΑΡΗΣ,,2,www.ares-athens-hotel.gr,manager@ares-athens-hotel.gr,210-5247099,,210-5247599,Αθήνα,ΠΕΙΡΑΙΩΣ 7,105 52,,
ΑΡΙΣΤΟΝ,,3,www.aristonhotel.gr,desk@aristonhotel.gr,210-8253111,,210-8253427,Αθήνα,ΔΙΛΗΓΙΑΝΝΗ 50 & ΜΕΤΑΞΑ 35,104 39,,
ΑΡΙΣΤΟΤΕΛΗΣ,"


1 Χλμ
",3,www.aristoteleshotel.gr,info@aristoteleshotel.gr,210-5228126,210-5241904,210-5231138,Αθήνα,ΑΧΑΡΝΩΝ 15,104 38,,
ΑΡΙΩΝ,"


25 Χλμ
",2,,anbotsi@hotmail.com,22630-22253,,,Βίλια,ΣΑΚΕΛΛΑΡΙΟΥ 39,190 12,,
ΑΡΙΩΝ ΑΘΕΝΣ,"


2 Χλμ
",3,www.arionhotel.gr,arion@tourhotel.gr,210-3240415,210-3240417,210-3216779,Αθήνα,ΑΓ.ΔΗΜΗΤΡΙΟΥ 18,105 54,,
ΑΡΙΩΝ ΑΣΤΗΡ ΠΑΛΛΑΣ,"


5 Χλμ
",5,www.astir-palace.com,reservations.athens@fourseasons.com,210-8902000,210 890 1051,210-8902010,Βουλιαγμένη,ΑΠΟΛΛΩΝΟΣ 40,166 71,,
ΑΡΜΑ,"


1 Χλμ
",1,www.hotelarma.gr,armahotel@gmail.com,210-9816319,210-9853175,210-9831223,Παλαιό Φάληρο,ΣΕΙΡΗΝΩΝ 9 & ΕΣΠΕΡΟΥ 48,175 61,,
ΑΡΜΑΤΑ ΜΠΟΥΤΙΚ,,3,www.armatahotel.gr,info@boutiquehotelsgreece.gr,22980-72683,,22980-75403,Σπέτσες,ΣΠΕΤΣΕΣ (ΑΓΙΟΣ ΑΝΤΩΝΙΟΣ),180 50,,
ΑΡΤ ΓΚΑΛΛΕΡΥ- ΣΤΟΑ ΤΕΧΝΗΣ,"


1.5 Χλμ
",1,www.artgalleryhotel.gr,artgalleryhotel@gmail.com,210-9238376,210-9231933,210-9233025,Αθήνα,ΕΡΕΧΘΕΙΟΥ 5,117 42,,
ΑΡΤ ΟΤΕΛ ΑΘΕΝΣ,"


0.5 Χλμ
",4,www.arthotelathens.gr,info@arthotelathens.gr,210-5240501,,210-5243384,Αθήνα,ΜΑΡΝΗ 27,104 32,,
ΑΡΤΑ,"


0.5 Χλμ
",1,www.artahotel.gr,,210-3827753,,,Αθήνα,ΝΙΚΗΤΑΡΑ 12,106 78,,
ΑΡΤΕΜΙΣ,,1,,,22970-25195,,,Αίγινα,ΚΑΝΑΡΗ 20,180 10,,
ΑΡΤΕΜΙΣ,"


0.15 Χλμ
",1,,marvel.dim@gmail.com,22970-91309,22970-91141,,Μεγαλοχώρι-Αγκίστρι,ΣΚΑΛΑ ΑΓΚΙΣΤΡΙΟΥ,180 10,6972-938015,
ΑΡΤΕΜΙΣΙΟΝ,"


0.5 Χλμ
",1,,hotelartemission@gmail.com,210-5230036,210-5249443,210-5234959,Αθήνα,ΒΕΡΑΝΖΕΡΟΥ 20,104 32,,
ΑΣΤΟΡ,"


1.5 Χλμ
",4,www.astorhotel.gr,astor@astorhotel.gr,210-3351000,,210-3255115,Αθήνα,ΚΑΡΑΓΕΩΡΓΗ ΣΕΡΒΙΑΣ 16,105 62,,
ΑΣΤΡΟΝ,"


3 Χλμ
",1,www.star-hotel.gr,info@star-hotel.gr,210-8071474,210-08142939,210-8076921,Κηφισιά,ΕΛΕΥΘΕΡΩΝ 20,145 64,,
ΑΤΛΑΝΤΙΚ,"


1 Χλμ
",2,www.atlantic-hotel.gr,atlantickallithea@gmail.com,210-9484375,2109484365,210-9483051,Καλλιθέα,ΠΕΙΣΙΣΤΡΑΤΟΥ 99,176 75,2109484365,2109483051
ΑΤΛΑΝΤΙΣ,"


0.2 Χλμ
",2,,atlantis_138@yahoo.gr,210-4293834,210-4293835,210-4293834,Πειραιάς,ΝΟΤΑΡΑ 138,185 36,,
ΑΤΤΑΛΟΣ,"


2 Χλμ
",3,www.attaloshotel.com,info@attaloshotel.com,210-3212801/3,,210-3243124,Αθήνα,ΑΘΗΝΑΣ 29,105 54,,
ΑΤΤΙΚΑ ΜΠΗΤΣ,"


3 Χλμ
",3,www.atticabeach.gr,attbeach@otenet.gr,22940-33712,22940-33734,22940-33790,Νέα Μάκρη,ΠΟΣΕΙΔΩΝΟΣ 32,190 05,21-03236256,
ΑΤΤΙΚΗ,,1,www.attikihotel.gr,attikihotel@gmail.com,210-3626206,,210-9911544,Αθήνα,ΤΣΙΜΙΣΚΗ 37,114 72,,
ΑΥΡΑ,"


3 Χλμ
",2,,,210-9814064,,,Παλαιό Φάληρο,ΝΗΡΕΩΣ 3,175 61,,
ΑΥΡΑ,"


5 Χλμ
",4,www.hotelavra.gr,hotelavra@gmail.com,22940-22780,22940-22781,22940-23320,Ραφήνα,ΡΑΦΗΝΑ ΑΤΤΙΚΗΣ,190 09,28210-38250,
ΑΥΡΑ,"


0.2 Χλμ
",2,,hotelavra@hotmail.com,22970-22303,,22970-28489,Αίγινα,ΚΑΖΑΝΤΖΑΚΗ 2,180 10,,
ΑΥΡΑ,"


10 Χλμ
",3,https://www.avra-hotel.gr/,skamagam@yahoo.gr,22980-92550,22980-92382,,Μέθανα,ΑΚΤΗ ΣΑΡΩΝΙΚΟΥ 24,180 30,,
ΑΦΑΙΑ,"


16 Χλμ
",2,www.hotelafea.gr,hotelafea@hotelafea.gr,22970-32227,,22970-32622,Αγία Μαρίνα,ΑΓ.ΜΑΡΙΝΑ ΑΙΓΙΝΑΣ,180 10,2297-071207,
ΑΦΡΟΔΙΤΗ,"


2 Χλμ
",1,www.hotel-afrodite.gr,jkalligeros@gmail.com,27360-31328,27360-39068,27360-31903,Καψάλι,ΚΑΨΑΛΙ ΚΥΘΗΡΩΝ,801 00,2735-031247,2736-034337
ΑΧΑΡΝΗΣ,"


5 Χλμ
",2,www.acharniskavallari.gr,info@acharniskavallari.gr,210-2467961,210-2462259,,Αχαρνές,20 ΧΛΜ ΛΕΩΦ.ΠΑΡΝΗΘΟΣ,136 71,,
ΑΧΙΛΛΕΑΣ,"


2 Χλμ
",3,www.achilleashotel.gr,achilleas@tourhotel.gr,210-3233197,210-3225826,210-3216779,Αθήνα,ΛΕΚΚΑ 21,105 62,,
ΑΧΙΛΛΕΙΟΝ,"


0.15 Χλμ
",3,www.achillionhotel.com,achilion@otenet.gr,210-5225618,,210-5236326,Αθήνα,ΑΓΙΟΥ ΚΩΝΣΤΑΝΤΙΝΟΥ 32 -ΝΙΚΗΦΟΡΟΥ,104 37,,
ΑΧΙΛΛΕΙΟΝ,"


1 Χλμ
",1,www.hotel-achillion.gr,info@hotel-achillion.gr,210-4124029,,210-4112950,Πειραιάς,ΝΟΤΑΡΑ 63,185 35,,
Β4Β ΑΘΕΝΣ ΣΙΓΚΝΑΤΣΟΥΡ ΧΟΤΕΛ,,4,http://b4bhotels.com/,reservations@b4bhotels.com,2114111016,,,Αθήνα,ΘΕΟΦΙΛΟΠΟΥΛΟΥ 18,11743,,
ΒΑΓΙΑ,"


1 Χλμ
",1,www.vagiahotel.gr,chaldaios@gmail.com,+306951708121,,,Βαΐα,ΒΑΓΙΑ ΑΙΓΙΝΑΣ,180 10,2297-024614,2297-071179
ΒΑΡΒΑΡΑ,"


0.07 Χλμ
",1,,hotelbarbara1@gmail.com,22970-32293,,,Αγία Μαρίνα,ΑΓ.ΜΑΡΙΝΑ ΑΙΓΙΝΑΣ,180 10,2297-026989,
ΒΑΣΙΛΙΚΟΝ,,1,,,210-5228133,210-5247750,,Αθήνα,ΙΚΤΙΝΟΥ 5,105 52,,
ΒΕΝΑΡΔΟΣ,"


7 Χλμ
",3,www.venardos-hotels.gr,venardos@otenet.gr,27360-34205,27360-34100,27360-33850,Αγία Πελαγία,ΑΓΙΑ ΠΕΛΑΓΙΑ ΚΥΘΗΡΩΝ,802 00,,2736-033850
ΒΕΝΕΤΙΑ ΙΙ,"


8 Χλμ
",3,www.venetia.gr,info@venetia.gr,22970-61341,22970-61,22970-61083,Πέρδικα,,180 10,2297-061443,2297-061083
ΒΕΡΓΙΝΑ,,1,,verginahotelathens@gmail.com,210-5246160,,,Αθήνα,ΜΑΡΝΗΣ 48,104 38,,
ΒΕΡΓΙΝΑ,"


15 Χλμ
",4,www.hotelvergina.gr,hotelvergina@yahoo.gr,+3022910-26349,+302102113537,22910-26349,Καλύβια Θορικού,41 χιλιόμετρο Αθηνών Σουνίου,190 10,21-02113537,21-02113532
ΒΕΡΟΡΗ,"


25 Χλμ
",2,,giatimos@otenet.gr,22630-22291,,22630-23661,Βίλια,ΣΑΚΕΛΛΑΡΙΟΥ 69,190 12,,
ΒΙΓΛΑ,,2,,manolis_kastrisios@hotmail.com,27360-33701,6974754852,27360-33701,Καστρισιάνικα,,801 00,,
ΒΙΕΝΝΗ,"


0.1 Χλμ
",2,www.viennahotel.gr,info@viennahotel.gr,210-5249143,,210-5225605,Αθήνα,ΠΕΙΡΑΙΩΣ 20,104 31,,
ΒΙΚΤΟΡΥ,,2,www.victoryhotels.gr,,210-8839811,210-8839813,,Αθήνα,ΜΟΝΗΣ ΠΡΟΔΡΟΜΟΥ 12,104 34,,
ΒΙΚΤΟΡΥ ΙΝ,,2,www.victory-inn.gr,info@victory-inn.gr,210-8251351,210-8251353,210-8816695,Αθήνα,ΤΡΟΙΑΣ 20,112 57,,
ΒΙΚΤΩΡ ΟΥΓΚΩ,"


2 Χλμ
",0,,info@athens-international.com,210-5232540,210-5202549,210-5232540,Αθήνα,ΒΙΚΤΩΡΟΣ ΟΥΓΚΩ 16,104 38,,
ΒΙΛΛΑ ΑΝΕΣΙΣ,"


0.25 Χλμ
",2,www.anesis-spetses.gr,spetses.anesis@gmail.com,2298072474,22980-73395,,Σπέτσες,ΣΠΕΤΣΕΣ,180 50,21-04532302,
ΒΙΛΛΑ ΜΑΚΡΑ,,3,,,27360-33150,,,Μητάτα,,802 00,,
ΒΙΛΛΑ ΜΑΡΘΑ,"


0.5 Χλμ
",2,www.villamartha.gr,vimartha@otenet.gr,22980-72147,,22980-73750,Σπέτσες,ΑΓΙΑ ΜΑΡΙΝΑ ΣΠΕΤΣΩΝ,180 50,21-08947017,21-08947264
ΒΙΛΛΑ ΧΡΙΣΤΙΝΑ,"


0.2 Χλμ
",3,www.villachristinahotel@gmail.com,villachristinahotel@gmail.com,22980-72218,22980-74228,22980-74228,Σπέτσες,ΣΠΕΤΣΕΣ,180 50,21-08077382,21-08077382
ΒΟΤΣΑΛΑΚΙΑ,"


7 Χλμ
",1,,parismassaros@gmail.com,210-4671334,,210-4671432,Σελήνια,ΑΚΤΗ ΘΕΜΙΣΤΟΚΛΕΟΥΣ 64,189 02,,
ΒΟΥΛΙΑΓΜΕΝΗ ΣΟΥΙΤΕΣ,"


5 Χλμ
",4,www.vouliagmenisuites.com,reservations.vs@grecotel.com,210-8964901,,210-9674100,Βουλιαγμένη,ΠΑΝΟΣ 8 ΚΑΙ ΧΛΟΗΣ,166 71,,
ΒΡΑΖΙΛΙΑ,"


1 Χλμ
",2,www.athensbrazilhotel.com,athensbrazilhotel@gmail.com,210-8815889,,,Αθήνα,ΦΥΛΗΣ 62,104 34,,
ΒΥΡΩΝ,"


1 Χλμ
",2,www.hotel-byron.gr,byron@hotel-byron.gr,210-3253554,210-3230327,210-3220276,Αθήνα,ΒΥΡΩΝΟΣ 19,105 58,,
ΓΑΛΑΖΙΑ ΘΑΛΑΣΣΑ,"


4 Χλμ
",4,www.bluesea.com.gr,info@bluesea.com.gr,210-9826066,2109835438,2109835438,Καλαμάκι,ΘΕΜΙΣΤΟΚΛΕΟΥΣ 49-51,174 55,,
ΓΑΛΑΖΙΟΣ ΟΥΡΑΝΟΣ,"


2 Χλμ
",2,www.hotelbluesky.gr,bluesky@otenet.gr,210-8947722,,210-8985672,Γλυφάδα,ΕΛΕΥΘΕΡΙΑΣ 26,166 74,,
ΓΑΛΑΞΙΑΣ,"


2 Χλμ
",3,www.galaxy-hotel.gr,reception@galaxy-hotel.gr,210-9818603,210-9853138,210-9844020,Καλαμάκι,ΛΕΩΦ.ΠΟΣΕΙΔΩΝΟΣ 39,174 55,,
ΓΑΛΑΞΙΑΣ,"


3 Χλμ
",2,www.hotelgalaxy-aegina.gr,nikosaxiotis@yahoo.gr,2297052944,2297022823,22970-53820,Βαθύ,ΣΟΥΒΑΛΑ ΑΙΓΙΝΑΣ,180 10,22970-22823,
ΓΑΛΗΝΗ,"


0.1 Χλμ
",2,www.galinihotelaegina.com,info@galinihotel.gr,22970-32203,,22970-32216,Αγία Μαρίνα,,180 10,6979553098,
ΓΑΛΗΝΗ,"


2 Χλμ
",3,www.galinipalace.gr,reservations@galinipalace.gr,210-8959175,210-8992850,210-8992852,Βούλα,ΚΩΝ.ΚΑΡΑΜΑΝΛΗ 95,166 73,,
ΓΑΛΗΝΗ,"


2 Χλμ
",1,,galiniotel@hotmail.com,210-4123078,210-4110442,210-4130585,Πειραιάς,ΦΙΛΙΠΠΟΥ 28,185 33,,
ΓΑΛΗΝΗ,,2,http://galini-agistri.gr,mpanou@ymail.com,6977210746,,22970-91530,Μεγαλοχώρι-Αγκίστρι,ΣΚΑΛΑ,180 10,2297091219,
ΓΙΑΝΝΑ,"


0.15 Χλμ
",1,www.holidaysinagistri.com,pannek@aig.forthnet.gr,22970-91356,,22970-91342,Μεγαλοχώρι-Αγκίστρι,ΣΚΑΛΑ ΑΓΚΙΣΤΡΙΟΥ ΑΙΓΙΝΑΣ,180 10,2297-091356,2297-091342
ΓΙΩΡΓΟΣ,,2,www.hotelgiorgio.com,info@hotelgiorgio.com,210-2323587,,210-2323588,Αχαρνές,ΣΑΜΟΥ  &  ΚΗΠΟΥΠΟΛΕΩΣ 4-6,136 71,,
ΓΚΟΛΝΤΕΝ ΣΙΤΥ,"


0.1 Χλμ
",3,www.goldencity.com.gr,goldencity@kollfam.gr,210-5226571,210-5226572,210-5233851,Αθήνα,ΜΑΡΝΗ 46 &  ΦΑΒΙΕΡΟΥ,104 38,,
ΓΚΟΛΝΤΕΝ ΣΤΑΡ,"


0.1 Χλμ
",2,,tr.lemonis@gmail.com,22970-29600,6931579963,,Αγία Μαρίνα,,180 10,6931579963,
ΓΚΡΑΝΤ ΧΑΪΑΤ ΑΘΕΝΣ,"


4 Χλμ
",5,https://www.hyatt.com/en-US/hotel/greece/grand-hyatt-athens/athgh?src=corp_lclb_gmb_seo_eame_athgh,dufourg_aurelie@hotmail.com,2144021234,,,Αθήνα,ΣΥΓΓΡΟΥ 113-115,117 45,,
ΓΚΡΕΚΟ,"


0.3 Χλμ
",3,www.grecohotel.gr,grecohotelhydra@gmail.com,22980-53200,,22980-53511,Ύδρα,ΥΔΡΑ,180 40,21-03212477,21-03251808
ΓΚΡΕΚΟΤΕΛ ΠΑΛΛΑΣ ΑΘΗΝΑ,"


0.05 Χλμ
",4,www.grecotel.gr,stavros.stavropoulos@grecotel.com,210-3250900,,210-3250920,Αθήνα,ΑΘΗΝΑΣ & ΛΥΚΟΥΡΓΟΥ,105 52,,
ΓΚΡΙΝ ΣΟΥΙΤΣ,,5,,takiskolivas@hotmail.com,6937704847,,,Αθήνα,ΜΑΚ ΜΙΛΑΝ 8,11144,,
ΓΛΑΡΟΣ,"


1 Χλμ
",2,www.glaros-hotel.gr,glaros@glaros-hotel.gr,210-4515421,,210-4537889,Πειραιάς,ΧΑΡ.ΤΡΙΚΟΥΠΗ 4,185 36,,
ΓΛΑΡΟΣ,"


4 Χλμ
",2,,info@hotel-delfini.com,210-5574871,210-5574872,210-5573459,Σκαραμαγκάς,Λ.ΣΧΙΣΤΟΥ 560,124 62,,
ΓΛΥΚΟ ΣΠΙΤΙ,,1,www.sweethomehotel.gr,info@sweethomehotel.gr,210-3229029,,210-3229028,Αθήνα,ΠΑΤΡΩΟΥ 5,105 57,2103229029,2103229028
ΓΛΥΦΑΔΑ ΡΙΒΙΕΡΑ,"


3 Χλμ
",5,www.glyfadarivierahotel.com,info@glyfadarivierahotel.com,210-8944081,210-8944106,210-8985068,Γλυφάδα,Λ.ΠΟΣΕΙΔΩΝΟΣ 40,166 75,,
ΓΟΥΙΝΤΑΜ ΑΘΕΝΣ ΡΕΖΙΝΤΕΝΣ,,4,,architect1@zeusintl.com,2103614923,,,Αθήνα,ΑΧΙΛΛΕΩΣ 2-4,10437,,
ΓΟΥΙΝΤΑΜ ΓΚΡΑΝΤ ΑΘΕΝΣ,"


1 Χλμ
",5,https://www.wyndhamgrandathens.com/el/,gm@wyndhamgrandathens.com,216-8009900,,216-8009901,Αθήνα,ΑΧΙΛΛΕΩΣ KAI ΜΕΓΑΛΟΥ ΑΛΕΞΑΝΔΡΟΥ 2-4-6,104 37,,
ΔΑΝΑΗ,"


1 Χλμ
",3,www.danaehotel.gr,danae@aig.forthnet.gr,22970-22424/5,22914,22970-26509,Αίγινα,ΑΙΓΙΝΑ,180 10,2297-022424,2297-026509
ΔΑΣΚΑΛΙΟ ΜΠΙΤΣ,"


8 Χλμ
",2,www.daskaliobeach.gr,daskaliobeach@gmail.com,22990-28350,,22990-28350,Δασκαλειό,,190 01,2299028350,2299028350
ΔΕ ΤΣΙΛΛΕΡΣ,,4,www.thezillersathenshotel.com,acc@thezillersathenshotel.com,2103222277,,2103222277,Αθήνα,ΜΗΤΡΟΠΟΛΕΩΣ 54,105 63,,
ΔΕΚΕΛΕΙΑ,"


1.5 Χλμ
",3,www.dekeliahotel.gr,sales@dekeliahotel.gr,210-6207351,210-6207354,210-6207820,Αχαρνές,ΛΕΩΦ.ΔΕΚΕΛΕΙΑΣ,136 71,,
ΔΕΛΤΑ,"


1 Χλμ
",2,,info@athensdeltahotel.com,210-5224706,,210-5224026,Αθήνα,ΚΕΡΑΜΕΩΝ 27,104 37,,
ΔΕΛΦΙΝΙ,"


0.1 Χλμ
",2,delfinihotel.gr,georgesaitis7@hotmail.gr,22980-52082,,22980-53828,Ύδρα,ΥΔΡΑ,180 40,21-04825247,2298-053828
ΔΕΛΦΙΝΙ,"


3 Χλμ
",2,www.hoteldelfini.eu,Contact@hoteldelfini.eu,210-9415364,210-9415373,210-9415520,Μοσχάτο,ΧΡΥΣΟΣΤΟΜΟΥ ΣΜΥΡΝΗΣ 12,183 44,,
ΔΕΛΦΙΝΙ,"


0.15 Χλμ
",1,,delfinihotel@hotmail.com,22970-32451,,22970-32451,Αγία Μαρίνα,ΑΓ.ΜΑΡΙΝΑ ΑΙΓΙΝΑΣ,180 10,2297-032451,2297-032451
ΔΕΛΦΙΝΙ,"


1.5 Χλμ
",2,www.hotel-delfini.com,info@hotel-delfini.com,210-4173110,,210-4173510,Πειραιάς,ΛΕΩΧΑΡΟΥΣ 7,185 31,,
ΔΕΛΦΙΝΙΑ,"


20 Χλμ
",3,www.dolphinhotel.gr,reservations@dolphinhotel.gr,22950-85560,,22950-85563,Άγιοι Απόστολοι,ΑΓ.ΑΠΟΣΤΟΛΟΙ ΑΤΤΙΚΗΣ,190 14,,
ΔΕΛΦΟΙ ΑΡΤΟΤΕΛ,"


0.3 Χλμ
",3,www.delphiarthotel.com,sales@delphiarthotel.com,210-5244004,210-5239503,210-5239564,Αθήνα,ΑΓΙΟΥ ΚΩΝΣΤΑΝΤΙΝΟΥ 27,104 37,,
ΔΗΜΗΤΡΑ,"


0.05 Χλμ
",1,www.dimitrahotelporos.gr,info@dimitrahotelporos.gr,22980-22697,22980-25901,,Πόρος,ΠΟΡΟΣ ΤΡΟΙΖΗΝΙΑΣ,180 20,2298-022697,
ΔΙΑΚΟΠΕΣ,"


8 Χλμ
",3,,,210-8970915,210-8970916,,Βάρη,Λ.ΠΟΣΕΙΔΩΝΟΣ 22  &  ΛΗΤΟΥΣ,166 72,,
ΔΙΒΑΝΗ ΑΠΟΛΛΩΝ ΠΑΛΛΑΣ ΚΑΒΟΥΡΙ,"


3 Χλμ
",5,www.divanis.gr,sdivanis@divanis.com,210-7207000,,210-9658010,Βουλιαγμένη,ΑΓΙΟΥ ΝΙΚΟΛΑΟΥ 10,166 71,,
ΔΙΒΑΝΗ ΚΑΡΑΒΕΛ,"


0.02 Χλμ
",5,www.divanis.gr,info@divanicaravel.gr,210-7207000,,210-7236683,Αθήνα,ΒΑΣ.ΑΛΕΞΑΝΔΡΟΥ 2,161 21,,
ΔΙΒΑΝΗ ΠΑΛΛΑΣ ΑΚΡΟΠΟΛΙΣ,"


2 Χλμ
",5,www.divanis.gr,divanis@divaniacropolis.gr,210-9280100,,210-9214993,Αθήνα,ΠΑΡΘΕΝΩΝΟΣ 19-25,117 42,,
ΔΙΕΘΝΕΣ,"


3 Χλμ
",2,www.diethneshotel.gr,reservations@diethneshotel.gr,210-8836855,210-8230496,210-8230582,Αθήνα,ΠΑΙΩΝΙΟΥ 52,104 40,,
ΔΙΟΝΥΣΟΣ,"


2 Χλμ
",1,,thakis.nightwolf@gmail.com,210-8834570,,210-8815022,Αθήνα,ΦΥΛΗΣ 91,104 34,,
ΔΙΟΝΥΣΟΣ,"


0.1 Χλμ
",3,www.hoteldionysos.eu,hoteldionysos@yahoo.com,22980-23511,22980-22530,22980-24503,Πόρος,Ι.ΠΑΠΑΔΟΠΟΥΛΟΥ 78,180 20,6975773996,2298024503
ΔΙΟΣΚΟΥΡΟΙ,"


1 Χλμ
",1,,hoteldioskouros@gmail.com,210-3248165,210-3233359,210-3233359,Αθήνα,ΠΙΤΤΑΚΟΥ 6,105 58,,
ΔΙΡΟΣ,"


0.05 Χλμ
",3,,diroshotel@gmail.com,210-5248112,,210-5246796,Αθήνα,ΑΓ.ΚΩΝ/ΝΟΥ 21,104 31,,
ΔΡΥΑΔΕΣ,"


1 Χλμ
",2,www.orion-dryades.com,reservations@orion-dryades.com,210-3302387,210-3827116,210-3805193,Αθήνα,ΔΡΥΑΔΩΝ 4,114 73,,
ΔΩΔΩΝΗ,"


1 Χλμ
",1,,dodonihotel@gmail.com,210-5235472,,,Αθήνα,ΜΑΓΙΕΡ 17 & ΜΑΙΖΩΝΟΣ,104 38,,
ΕΙΔΥΛΛΙΟΝ,"


0.5 Χλμ
",2,www.idillionvilia.com,hotel_idillion@yahoo.gr,22630-22262,22630-22302,22630-22302,Βίλια,ΒΙΛΛΙΑ ΑΤΤΙΚΗΣ,190 12,,
ΕΚΘΕΣΗ ΖΩΗΣ,"


10 Χλμ
",5,www.lifegallery.gr,miranda@bluegr.com,211-1067400,,210-6229353,Εκάλη,ΘΗΣΕΩΣ 103,145 78,,
ΕΛ ΣΟΛ,"


25 Χλμ
",2,www.elsolhotel.gr,info@elsolhotel.gr,27360-31629,27360-31766,,Καψάλι,ΚΑΨΑΛΙ ΚΥΘΗΡΩΝ,801 00,,
ΕΛΑΦΟΣ,"


13 Χλμ
",2,,info@skoliosis.gr,22950-82180,210-6548341,210-6527293,Άγιοι Απόστολοι,ΑΓΙΟΙ ΑΠΟΣΤΟΛΟΙ ΑΤΤΙΚΗΣ,190 14,21-06527293,21-06527293
ΕΛΕΝΗ,,2,https://www.helenhotelporos.com/indexGR.html,sofiadouzina@hotmail.com,22980-25601,,22980-23633,Πόρος,ΑΣΚΕΛΙ ΠΟΡΟΥ,180 20,22980-25601,22980-23633
ΕΛΕΥΣΙΝΑ,"


1 Χλμ
",4,www.elefsinahotel.gr,info@elefsinahotel.gr,210-5589700,,210-5562924,Ελευσίνα,ΔΗΜΗΤΡΟΣ & ΡΗΓΑ ΦΕΡΑΙΟΥ,192 00,,
ΕΛΙΑ ΕΡΜΟΥ ΑΘΕΝΣ ΧΟΤΕΛ,,4,https://www.eliaermouhotel.com,account@eliaermouhotel.com,2103250100,,,Αθήνα,,10563,,
ΕΛΙΖΑΜΠΕΘ,"


0.2 Χλμ
",2,www.hotel-elizabeth.gr,info@hotel-elizabeth.gr,210-7774379,210-7759412,210-7759411,Αθήνα,ΑΡΚΑΔΙΑΣ 46 - ΑΜΠΕΛΟΚΗΠΟΙ,115 27,6936584738,
ΕΛΙΚΩΝ,"


0.5 Χλμ
",2,,elikonhotel@gmail.com,210-5221695,210-5228428,22260-23572,Αθήνα,ΔΩΡΟΥ 3,104 31,,
ΕΛΙΤ,"


0.05 Χλμ
",2,,elite_athens@yahoo.com,210-5242111,210-5242112,210-5242111,Αθήνα,ΠΕΙΡΑΙΩΣ 23,105 52,,
ΕΛΛΗΝΙΣ,"


1 Χλμ
",3,www.hellinis.gr,hellinis@hellinis.gr,210-9311494/8,,210-9349616,Νέα Σμύρνη,ΛΕΩΦΟΡΟΣ ΣΥΓΓΡΟΥ 177,171 21,,
ΕΜΜΑΝΤΙΝΑ,"


3 Χλμ
",4,www.emmantina.gr,info@emmantina.gr,210-8980683,,210-8948110,Γλυφάδα,ΛΕΩΦ.ΠΟΣΕΙΔΩΝΟΣ 33,166 75,,
ΕΜΠΑΣΥ,"


0.1 Χλμ
",4,www.embassyhotel.gr,info@embassyhotel.gr,210-6415000,,210-6466361,Αθήνα,ΤΙΜ.ΒΑΣΣΟΥ 22,115 21,,
ΕΜΠΟΡΙΚΟΝ,,4,www.emporikonathenshotel.com,info@emporikonathenshotel.com,6930161566,,,Αθήνα,ΑΙΟΛΟΥ 27Α,10551,,
ΕΝΝΕΑ ΜΟΥΣΕΣ,"


7 Χλμ
",2,www.9museskithira.gr,ninemuky@otenet.gr,2736033155,6977247469,27360-33637,Αγία Πελαγία,,801 00,6977247469,2736033637
ΕΝΤΙΤΟΡ,,4,,j.nikolinakos@gmail.com,6937387942,,,Αθήνα,ΒΟΡΕΟΥ 5-7,10551,,
ΕΞΑΡΧΕΙΟΝ,"


0.5 Χλμ
",2,www.exarchion.com,info@exarchion.com,210-3800731,210-3801256,210-3803296,Αθήνα,ΘΕΜΙΣΤΟΚΛΕΟΥΣ 55,106 83,,
ΕΞΙΣ,"


1 Χλμ
",2,www.exishotel.gr,info@exishotel.gr,210-8662111,2108662270,210-8620111,Αθήνα,ΣΠΑΡΤΗΣ 1,112 52,,
ΕΠΙΔΑΥΡΟΣ,"


0.01 Χλμ
",2,www.epidavroshotel.gr,info@athensepidavroshotel.gr,210-5230421,,210-5244920,Αθήνα,ΖΗΝΩΝΟΣ 16 & ΚΟΥΜΟΥΝΔΟΥΡΟΥ 14,104 37,,
ΕΠΤΑ ΑΔΕΛΦΙΑ,"


0.5 Χλμ
",1,www.7brothers.gr,info@7brothers.gr,22980-23412,,22980-23413,Πόρος,ΤΟΜΠΑΖΗ 1,180 20,,
ΕΡΑΤΩ,"


1 Χλμ
",2,,3xxxerato@gmail.com,210-3459996,210-3459997,,Αθήνα,ΗΡΑΚΛΕΙΔΩΝ 72,118 51,,
ΕΡΑΤΩ,"


0.2 Χλμ
",2,,d.galaris@yahoo.gr,22970-32468,,,Αγία Μαρίνα,ΑΓ.ΜΑΡΙΝΑ ΑΙΓΙΝΑΣ,180 10,2297-025317,2297-025317
ΕΡΓΟΝ ΧΑΟΥΖ,,4,house.ergonfoods.com,house@ergonfoods.com,2100109090,,,Αθήνα,ΜΗΤΡΟΠΟΛΕΩΣ 23,10557,,
ΕΡΕΧΘΕΙΟΝ,"


2 Χλμ
",1,,,210-3459606,210-3459626,210-3462756,Αθήνα,ΑΓΙΑΣ ΜΑΡΙΝΑΣ  &  ΦΛΑΜΑΡΙΩΝ 8,118 51,,
ΕΡΜΗΣ,"


3 Χλμ
",3,www.athenshotelsgroup.com,hermes@athenshotelsgroup.com,210-3235514,210-3235516,210-3232073,Αθήνα,ΑΠΟΛΛΩΝΟΣ 19,105 57,,
ΕΡΜΗΣ,"


18 Χλμ
",2,,hotelhermes.aigina@gmail.com,22970-32411,,,Αγία Μαρίνα,ΑΓΙΑ ΜΑΡΙΝΑ ΑΙΓΙΝΑΣ,180 10,,
ΕΣ ΚΛΑΜΠ 4,"


3 Χλμ
",1,,,210-4816838,,,Πειραιάς,ΚΗΦΙΣΣΟΥ 35,185 47,,
ΕΥΑ,"


2 Χλμ
",2,www.hotel-eva.gr,info@hotel-eva.gr,210-4170110,,2104170360,Πειραιάς,ΝΟΤΑΡΑ 2,185 31,,
ΕΥΠΛΟΙΑΣ,"


0.5 Χλμ
",4,www.efplias.gr,efplias@otenet.gr,2104283800,2104283801,210-4283803,Πειραιάς,ΕΥΠΛΟΙΑΣ 26-28,185 37,,21-04224427
ΕΥΡΙΠΙΔΗΣ,"


2 Χλμ
",2,www.evripideshotel.gr,hotelevripides@yahoo.com,210-3212301,210-3212302,210-3212303,Αθήνα,ΕΥΡΙΠΙΔΟΥ 79 & ΕΠΙΚΟΥΡΟΥ,105 53,,
ΕΥΡΩΠΗ,"


0.65 Χλμ
",2,,,210-5223081,210-5229931,,Αθήνα,ΣΑΤΩΒΡΙΑΝΔΟΥ 7,104 31,,
ΕΦΕΣΣΟΣ,"


0.5 Χλμ
",1,,makris-property@otenet.gr,210-5223508,,210-5248333,Αθήνα,ΑΓΙΟΥ ΚΩΝΣΤΑΝΤΙΝΟΥ 30,104 37,,
ΕΦΗ,"


9 Χλμ
",2,www.hotelephi.gr,info@hotelephi.gr,22970-52214,,,Βαθύ,ΣΟΥΒΑΛΑ ΑΙΓΙΝΑΣ,180 10,,
ΖΑΠΠΕΙΟΝ,"


0.5 Χλμ
",2,www.zappionhotel.gr,info@zappionhotel.gr,210-7241408,,210-7234871,Αθήνα,ΗΡΩΝΔΑ 4,116 35,,
ΖΕΝ,"


1 Χλμ
",2,www.zenhotel.gr,info@zenhotel.gr,210-9858585,,210-9841640,Καλαμάκι,ΚΟΤΖΙΑ 6,174 55,,
ΖΕΝΙΘ,"


0.2 Χλμ
",1,,,210-5245000,210-5240530,,Αθήνα,ΞΟΥΘΟΥ 13,104 32,,
ΖΕΥΣ,"


0.5 Χλμ
",1,www.zeushostel.com,zeushostel@yahoo.com,210-3211551,210-3211662,210-3211662,Αθήνα,ΣΟΦΟΚΛΕΟΥΣ 27,105 52,,
ΖΗΝΟΒΙΑ-ΖΙΝΑ,"


2 Χλμ
",3,www.zinahotel.com,info@zinahotel.com,210-9603872,210-9603873,210-9604004,Γλυφάδα,ΕΥΑΓΓΕΛΙΣΤΡΙΑΣ 6,166 74,,
ΖΟΡΜΠΑΣ,"


7 Χλμ
",2,www.hotelzorbas.gr,info-bookings@hotelzorbas.gr,210-6229000,210-6229776,210-6229940,Δροσιά,Λ.ΜΑΡΑΘΩΝΟΣ 5,145 72,,
ΖΟΡΜΠΑΣ,"


1 Χλμ
",2,www.zorbashotel.com,info@zorbashotel.com,210-8224927,210-8218878,210-8234239,Αθήνα,ΓΚΥΙΛΦΟΡΔΟΥ 10,104 34,,
ΗΛΕΚΤΡΑ,"


2 Χλμ
",4,www.electrahotels.gr,electraaccount@electrahotels.gr,210-3378000,,210-3220310,Αθήνα,ΕΡΜΟΥ 5,105 63,,
ΗΛΕΚΤΡΑ,"


4 Χλμ
",4,,,210-8960537,210-8961380,,Βουλιαγμένη,ΠΑΝΟΣ 28,166 71,21-08077970,21-08962329
ΗΛΕΚΤΡΑ,"


3 Χλμ
",1,www.hotel-electra.gr,hotel-electra@hotmail.com,210-4227186,210-4112730,210-4112750,Πειραιάς,ΝΑΥΑΡΙΝΟΥ 12,185 31,,
ΗΛΕΚΤΡΑ ΜΗΤΡΟΠΟΛΙΣ,,5,http://electrahotels.gr/,metropolis@electrahotels.gr,2141006200,,,Αθήνα,ΜΗΤΡΟΠΟΛΕΩΣ 15,10557,,
ΗΛΕΚΤΡΑ ΠΑΛΛΑΣ,"


2 Χλμ
",4,www.electrahotels.gr,salesepath@electrahotels.gr,210-3370000,,210-3241875,Αθήνα,ΝΑΥΑΡΧΟΥ ΝΙΚΟΔΗΜΟΥ 18,105 57,,
ΗΛΙΑΧΤΙΔΑ,"


2 Χλμ
",2,,iliachtidahotel@gmail.com,210-9401973,210-9428893,210-9428893,Καλλιθέα,ΕΛ.ΒΕΝΙΖΕΛΟΥ 336,176 75,,
ΗΛΙΟΠΕΡΑΤΟ,"


9 Χλμ
",2,,,22970-61455,210-3464359,,Πέρδικα,ΠΕΡΔΙΚΑ ΑΙΓΙΜΑΣ,180 10,,
ΗΛΙΟΣ,"


0.3 Χλμ
",2,,,22980-72488,22980-72268,,Σπέτσες,,180 50,6932-322235,
ΗΛΙΟΣ,"


10 Χλμ
",2,https://www.sunhotelkineta.gr/,sunhotelkineta@gmail.com,22960-62068,6947-511162,210-8030412,Κινέτα,54 ΧΛΜ ΑΘΗΝΩΝ ΚΟΡΙΝΘΟΥ,191 00,21-08030412,21-08030412
ΗΛΙΟΣ,"


0.2 Χλμ
",2,www.helioshotel.net,contact@helioshotel.net,22970-32098,22970-32557,22970-32557,Αγία Μαρίνα,ΑΓΙΑ ΜΑΡΙΝΑ ΑΙΓΙΝΑΣ,180 10,,
ΗΝΙΟΧΟΣ,,3,www.iniohoshotel.gr,info@iniohoshotel.gr,210-5230811/5,,210-5238197,Αθήνα,ΒΕΡΑΝΖΕΡΟΥ 26,104 32,,
ΗΡΑ,"


4 Χλμ
",4,www.herahotel.gr,info@herahotel.gr,210-9236682,210-9240672,210-9238269,Αθήνα,ΦΑΛΗΡΟΥ 9,117 42,,
ΗΡΑΚΛΕΙΟΝ – ΚΑΝΤΙΑ,"


3 Χλμ
",4,www.candia-hotel.gr,candia@candia-hotel.gr,210-5246112/6,,210-5246117,Αθήνα,ΔΕΛΗΓΙΑΝΝΗ 40,104 38,,
ΗΡΩΔΕΙΟΝ,"


3 Χλμ
",4,www.herodion.gr,herodion@herodion.gr,210-9236832,,210-9211650,Αθήνα,ΡΟΒΕΡΤΟΥ ΓΚΑΛΗ 4-6,117 42,,
ΘΑΛΑΣΣΑ ΒΟΥΝΟ,,3,www.maremonteboutiquehotel.com,info@maremonteboutiquehotel.com,2298077122,,,Σπέτσες,,18050,,
ΘΕΑΝΩ,"


1 Χλμ
",2,hotel theano poros,hoteltheanoporos@gmail.com,22980-22567,22980-24508,22980-26690,Πόρος,ΛΑΜΠΡΑΚΗ 21,180 20,2298-022567,
ΘΕΟΔΩΡΑ,"


2.5 Χλμ
",1,,,22980-24062,22980-24549,,Πόρος,ΑΣΚΕΛΙ ΠΟΡΟΥ ΤΡΟΙΖΗΝΙΑΣ,180 20,21-07621013,
ΘΕΟΞΕΝΙΑ ΠΑΛΛΑΣ,"


1 Χλμ
",5,www.theoxeniapalace.com,reservations@theoxeniapalace.com,210-6233622,,210-6231675,Κηφισιά,ΦΙΛΑΔΕΛΦΕΩΣ 2 & ΚΟΛΟΚΟΤΡΩΝΗ,145 62,,
ΘΗΣΕΙΟΝ,"


2 Χλμ
",3,hotelthissio.cm,sofonmanagement@gmail.com,210-3476754,6977806446,210-3476997,Αθήνα,ΑΠ.ΠΑΥΛΟΥ 25  &  ΑΓ.ΜΑΡΙΝΑΣ 2,118 51,,
ΙΑΣΩΝ ΠΡΑΙΜ,"


0.2 Χλμ
",4,www.douro-hotels.com,douros@otenet.gr,210-5248031/3,,210-5234786,Αθήνα,ΝΙΚΗΦΟΡΟΥ 3-5,104 37,,
ΙΒΙΣΚΟΣ,"


5 Χλμ
",2,www.iviskoshotel.gr,iviskoshotel@gmail.com,210-2816316,210-2820322,210-2818843,Μεταμόρφωση,ΤΑΤΟΙΟΥ 144,144 52,,
ΙΚΑΡΟΣ,,1,,ikaros.athens@gmail.com,210-5236460,210-5244525,,Αθήνα,ΣΑΤΩΒΡΙΑΝΔΟΥ 48,104 37,,
ΙΚΑΡΟΣ,"


3 Χλμ
",2,www.hotelikaros.gr,info@hotelikaros.gr,210-8981320,210-8981321,210-8981321,Ελληνικό,ΠΟΣΕΙΔΩΝΟΣ 17,167 77,,
ΙΚΑΡΟΣ,"


1 Χλμ
",1,,hotelikarospireus@gmail.com,210-4129305,210-4129306,210-4129306,Πειραιάς,ΛΕΟΧΑΡΟΥΣ 18,185 31,,
ΙΛΙΣΙΑ,"


1 Χλμ
",4,www.bestwestarn.com/gr/ilisiahotel,ilisia@ath.forthnet.gr,210-7244051/6,,210-7241847,Αθήνα,ΜΙΧΑΛΑΚΟΠΟΥΛΟΥ 25,115 28,,
ΙΛΙΣΣΟΣ,"


5 Χλμ
",4,www.ilissos.gr,ilissos@ilissos.gr,210-9202000,,210-9215371,Αθήνα,ΚΑΛΛΙΡΟΗΣ 72,117 41,,
ΙΜΠΕΡΙΑΛ,"


1 Χλμ
",2,,imperialalimos@gmail.com,210-9813572,,210-9822579,Καλαμάκι,ΘΟΥΚΙΔΙΔΟΥ 87,174 55,,
ΙΝΟΗ,,3,,,210-8673967,210-8674806,,Αθήνα,ΛΕΥΚΩΣΙΑΣ 14,112 52,,
ΙΝΤΕΑΛ,"


1 Χλμ
",2,www.ideal-hotel.gr,ideal@ideal-hotel.gr,210-4294050,,210-4293890,Πειραιάς,ΝΟΤΑΡΑ 142,185 36,,
ΙΟΝΙΟΝ,"


3 Χλμ
",2,,info@hotel-delfini.com,210-4135065,210-4135065,,Πειραιάς,ΚΑΠΟΔΙΣΤΡΙΟΥ 10,185 31,,
ΙΟΝΙΣ,"


3 Χλμ
",3,www.ionishotel.gr,vakis@aristoteleshotel.gr,210-5232311,210-5230413,210-5247360,Αθήνα,ΧΑΛΚΟΚΟΝΔΥΛΗ 41,104 32,,
ΙΠΠΟΚΑΜΠΟΣ,"


10 Χλμ
",2,www.hippocampus-hotel-greece.com,hippocampuspl5@gmail.com,22970-61363,22970-61459,22970-61566,Πέρδικα,ΠΕΡΔΙΚΑ ΑΙΓΙΝΑΣ,180 10,2253052121,
ΙΠΠΟΚΑΜΠΟΣ,"


0.3 Χλμ
",2,www.ippokampos.com,ippo@ippokampos.com,22980-53453,22980-53454,22980-53453,Ύδρα,ΥΔΡΑ,180 40,,
ΙΡΙΔΑ,"


7 Χλμ
",3,www.kythera-irida.gr,info@kythera-irida.gr,27360-34273,,27360-33858,Αγία Πελαγία,ΑΓΙΑ ΠΕΛΑΓΙΑ ΚΥΘΗΡΩΝ,802 00,,
ΙΣΙΔΩΡΑ,"


1 Χλμ
",2,www.hotel-isidora.gr,isidorahotel@yahoo.gr,22970-32414,,22970-32414,Αγία Μαρίνα,ΑΓΙΑ ΜΑΡΙΝΑ ΑΙΓΙΝΑΣ,180 10,2297-071280,2297-032414
ΚΑΒΑΛΛΑΡΗ,"


2 Χλμ
",2,,cavallaripalacehotel@gmail.com,210-2446505,210-2446506,210-2446510,Αχαρνές,19 ΚΜ ΠΑΡΝΗΘΟΣ 19,136 71,,
ΚΑΒΟΣ,"


15 Χλμ
",1,www.kavosbay.com,kavosbayhotel@gmail.com,22970-31040,210-9355311,22970-31040,Αγία Μαρίνα,ΑΓ. ΜΑΡΙΝΑ ΑΙΓΙΝΑΣ,180 10,21-09355311,
ΚΑΛΛΙΟΠΗ 1,"


0.01 Χλμ
",3,,kalliopiguesthouse@hotmail.com,22980-52613,22980-53083,22980-52237,Ύδρα,,180 40,,
ΚΑΛΛΙΟΠΗ ΙΙ,"


0.05 Χλμ
",3,,kalliopiguesthouse@hotmail.com,22980-54042,22980-53083,,Ύδρα,,180 40,,
ΚΑΛΛΟΝΗ,,3,www.kalloniresort.gr,info@kalloniresort.gr,22980-31500,,,Καλλονή,ΚΑΛΛΟΝΗ,180 20,,
ΚΑΛΟΚΑΙΡΙΝΕΣ ΚΑΤΟΙΚΙΕΣ,"


2 Χλμ
",2,,info@cengo-mely.com,27360-31265,27360-31365,27360-31265,Καψάλι,ΚΑΨΑΛΙ ΚΥΘΗΡΩΝ,801 00,210-8136015,210-8136015
ΚΑΛΟΚΑΙΡΙΝΕΣ ΚΑΤΟΙΚΙΕΣ ΙΙ,"


2 Χλμ
",2,,info@cengo-mely.com,27360-31265,27360-31365,27360-31265,Καψάλι,,801 00,210-8136015,210-8136015
ΚΑΛΥΨΩ,,4,www.hotel-kalypso.gr,calypso.anavissos@gmail.com,22910-60170,22910-60174,,Ανάβυσσος,49 ΧΛΜ ΑΘΗΝΩΝ ΣΟΥΝΙΟΥ,190 13,,
ΚΑΜΑΡΕΣ,"


3 Χλμ
",3,www.xenonaskamares.gr,xenonaskamares.kythira@gmail.com,27360-33420,,,Αρωνιάδικα,ΑΡΩΝΙΑΔΙΚΑ ΚΥΘΗΡΩΝ,802 00,,
ΚΑΜΕΛΙΑ,"


0.1 Χλμ
",1,www.hotelkameliaspetses.com,hotelkameliaspetses@gmail.com,2298072415,,2298073335,Σπέτσες,ΣΠΕΤΣΕΣ,180 50,6944830343,
ΚΑΝΙΓΓΟΣ 21,"


0.5 Χλμ
",3,,,210-3300775,,,Αθήνα,ΚΑΝΙΓΓΟΣ 21  &  ΧΑΛΚΟΚΟΝΔΥΛΗ 12,106 77,,
ΚΑΝΟΥΣΗΣ,"


3 Χλμ
",2,,,22950-83786,22950-81046,,Άγιοι Απόστολοι,,190 14,,
ΚΑΠΤΑΙΝ’Σ – ΤΟΥ ΚΑΠΕΤΑΝΙΟΥ,,2,www.captains-hotel.gr,info@crystalblue.gr,210-5578842,,210-5578845,Σκαραμαγκάς,ΛΕΩΦ. ΣΧΙΣΤΟΥ 30,124 62,,
ΚΑΡΕΑ,"


3 Χλμ
",1,,info@hotelkareas.gr,210-7644001,,210-7646098,Βύρων,ΛΕΩΦ.ΚΑΡΕΑ 92,162 33,,
ΚΑΡΟΛ,"


2.5 Χλμ
",2,WW://HOTELCAROL.GR,carolhotel@yahoo.gr,210-4122933,210-4132151,210-4101142,Πειραιάς,ΔΙΟΒΟΥΝΙΩΤΟΥ 31,185 33,,
ΚΑΡΟΛΙΝΑ,"


1 Χλμ
",3,www.hotelcarolina.gr,info@hotelcarolina.gr,210-3243551,,210-3243550,Αθήνα,ΚΟΛΟΚΟΤΡΩΝΗ 55,105 60,,
ΚΑΡΟΥΣΕΛ,"


14 Χλμ
",2,www.hotel-carousel.com,caroussel_7@yahoo.co.uk,22970-32496,6942-802888,22970-32761,Αγία Μαρίνα,ΑΓ.ΜΑΡΙΝΑ,180 10,21-08979262,
ΚΑΡΡΑΣ,"


1 Χλμ
",2,www.hotelkarras.gr,hotelcarras@gmail.com,22970-32758,6945524331,22970-32759,Αγία Μαρίνα,ΑΓΙΑ ΜΑΡΙΝΑ ΑΙΓΙΝΑΣ,180 10,210-6131508,
ΚΑΡΥΑΤΙΔΕΣ,"


16 Χλμ
",2,www.hotelkaryatides.gr,hoteldanae@gmail.com,22970-32331,,22970-32111,Αγία Μαρίνα,ΑΓ.ΜΑΡΙΝΑ ΑΙΓΙΝΗΣ,180 10,2297-032331,
ΚΑΣΤΡΟ,"


0.3 Χλμ
",4,www.kastrohotel-spetses.gr,kastrohotelspetses@gmail.com,22980-75152,22980-75319,22980-73102,Σπέτσες,,180 50,,22980-73102
ΚΑΤΕΡΙΝΑ,"


0.5 Χλμ
",3,www.hotel-katerina.com,katerinahotel@yahoo.gr,210-5226115,210-5226689,210-5228529,Αθήνα,ΚΑΡΟΛΟΥ 20,104 37,,
ΚΑΤΕΡΙΝΑ Κ.,"


17 Χλμ
",3,www.katerinahotel.gr,danae@aig.forthnet.gr,22970-32075,,22970-32444,Αγία Μαρίνα,ΑΓ.ΜΑΡΙΝΑ ΑΙΓΙΝΑΣ,180 10,2297-032075,
ΚΑΤΡΙΝΑ,"


3.9 Χλμ
",2,katrinahotel@business.site,vafiadisioannis@gmail.com,210-5570577,,210-5575753,Σκαραμαγκάς,ΣΠ.ΜΗΛΙΟΥ 32,124 62,,
ΚΕΚΡΥΦΑΛΕΙΑ,,2,www.kekrifalia-hotel.com,info@kekrifalia-hotel.com,22970-91596,,,Μεγαλοχώρι-Αγκίστρι,ΑΓΚΙΣΤΡΙ ΑΙΓΙΝΑΣ,180 10,,
ΚΕΝΤΡΙΚΟ,"


3 Χλμ
",3,www.centralhotel.gr,info@centralhotel.gr,210-3234350,210-3234358,210-3225244,Αθήνα,ΑΠΟΛΛΩΝΟΣ 21,105 57,,
ΚΕΡΑΜΕΙΟΝ,,3,,s.tsiakalos@gmail.com,2103315347,,,Αθήνα,ΑΓΙΩΝ ΑΝΑΡΓΥΡΩΝ 7,10554,,
ΚΕΦΑΛΑΡΙ ΣΟΥΙΤΕΣ,"


2 Χλμ
",3,www.kefalarisuites.gr,sflenga@yeshotels.gr,210-6233333,,210-6233330,Κηφισιά,ΚΟΛΟΚΟΤΡΩΝΗ & ΠΕΝΤΕΛΗΣ 1,145 62,,
ΚΙΜΩΝ,,1,www.kimonhotelathens.com,info@kimonhotelathens.com,210-3314658,,210-3214203,Αθήνα,ΑΠΟΛΛΩΝΟΣ 27,105 56,,
ΚΙΝΓΚ ΙΑΣΩΝ,"


0.2 Χλμ
",3,www.douros-hotels.com,douros@otenet.gr,210-5234721,05234906,210-5234786,Αθήνα,ΚΟΛΩΝΟΥ 26  &  ΚΕΡΑΜΕΙΚΟΥ,104 37,,
ΚΙΝΓΚ ΤΖΩΡΤΖ,"


1.5 Χλμ
",5,www.kinggeorgeathens.com,kostas.kyriakos@luxurycollection.com,210-3222210,,210-3250504,Αθήνα,ΒΑΣ.ΓΕΩΡΓΙΟΥ Α' 3,105 64,,
ΚΙΝΕΤΤΑ ΜΠΗΤΣ,"


25 Χλμ
",4,www.kinettabeach.gr,sales@kinettabeach.gr,22960-65080/5,,22960-65086,Κινέτα,57 ΧΛΜ ΛΕΩΦ.ΑΘΗΝΩΝ -ΚΟΡΙΝ,191 00,21-09244345,21-09244351
ΚΙΟΥΜΠΙΚ,,4,,tsakirisgeorgios@gmail.com,2103805612,,,Αθήνα,ΑΓΙΟΥ ΚΩΝΣΤΑΝΤΙΝΟΥ  26,10437,,
ΚΛΑΡΙΤΖ,"


0.1 Χλμ
",2,,claridgehotelathens@gmail.com,210-5223013,210-5222510,210-5224038,Αθήνα,ΔΩΡΟΥ 4,104 31,,
ΚΛΕΟΠΑΤΡΑ,,2,,,22970-32038,,,Αγία Μαρίνα,ΑΓ.ΜΑΡΙΝΑ ΑΙΓΙΝΑΣ,180 10,,
ΚΛΗΜΗΣ,"


0.05 Χλμ
",1,www.klimishotel.gr,info@klimishotel.gr,2298073725,2298072334,2298073725,Σπέτσες,ΣΠΕΤΣΕΣ,18050,,
ΚΛΩΝΟΣ ΑΝΝΑ,"


1.5 Χλμ
",2,www.klonosanna.gr,info@klonosanna.gr,22970-25874,22970-28645,22970-24868,Αίγινα,ΚΟΛΩΝΑ ΑΙΓΙΝΑΣ,180 10,,
ΚΟΓΚΟ ΠΑΛΛΑΣ ΟΤΕΛ,"


2 Χλμ
",4,www.congopalace.gr,info@congopalace.gr,210-8946711/5,,210-8946719,Γλυφάδα,ΒΑΣ.ΓΕΩΡΓΙΟΥ Β' 75,166 74,,
ΚΟΚΚΙΝΗΣ,"


6 Χλμ
",3,www.cokkinishotel.com,info@cokkinishotel.com,22960-62250,,22960-62940,Κινέτα,50 ΧΛΜ ΑΘΗΝΩΝ-ΚΟΡΙΝΘΟΥ,191 00,2296-062250,2296-062940
ΚΟΚΟ-ΜΑΤ ΑΘΕΝΣ ΜΠΙ ΣΙ,,5,www.athensbc.com,gpertesis@cocomatathens.com,2107230000,,,Αθήνα,ΦΑΛΗΡΟΥ  5,11742,,
ΚΟΚΟ-ΜΑΤ ΑΘΗΝΑ,,4,www.cocomatathens.com,gpertesis@cocomatathens.com,2107230000,,,Αθήνα,ΠΑΤΡΙΑΡΧΟΥ ΙΩΑΚΕΙΜ 36,10675,,
ΚΟΚΟ-ΜΑΤ ΑΘΗΝΑ ΔΙΔΥΜΟ,,1,www.cocomatjumelle.com,info@cocomatjumelle.com,2107296407,,,Αθήνα,ΥΨΗΛΑΝΤΟΥ 2,10675,,
ΚΟΛΩΝΑ ΑΠΑΡΤΜΕΝΤΣ,,2,,,22970-23213,,,Αίγινα,ΑΓ.ΦΩΤΙΟΣ,180 10,,
ΚΟΡΑΛΙ,"


4 Χλμ
",1,www.hotel-corali.gr,mail@hotel-corali.gr,+30-22940-22477,,+30-210-6984434,Ραφήνα,ΠΛ.Ν.ΠΛΑΣΤΗΡΑ 11,190 09,,
ΚΟΡΑΛΙ,"


2 Χλμ
",4,www.coralhotel.gr,info@coralhotel.gr,210-9816441,,210-9831207,Παλαιό Φάληρο,ΠΟΣΕΙΔΩΝΟΣ 35,175 61,,
ΚΟΡΤΕΟ,"


20 Χλμ
",4,www.corteo.gr,info@corteo.gr,27360-39130,039139,27360-39140,Κύθηρα,ΧΩΡΑ ΚΥΘΗΡΩΝ,801 00,21-03606023,
ΚΟΡΥΔΑΛΟΣ,"


1 Χλμ
",1,,info@hotel-delfini.com,210-4942399,210-4940627,210-4940627,Νίκαια,ΑΝΔΡΟΥΤΣΟΥ 2,184 53,,
ΚΟΣΜΟΠΟΛΙΤ,,1,,nicospap9@gmail.com,210-5241003,210-5241110,,Αθήνα,ΜΑΡΙΚΑΣ ΚΟΤΟΠΟΥΛΗ 7,104 31,,
ΚΟΣΜΟΣ,"


1 Χλμ
",2,www.hotelcosmos.com.gr,ttagal@otenet.gr,2105239201,2105239202,2105220125,Αθήνα,ΨΑΡΡΩΝ 16 & ΒΙΚΤ.ΟΥΓΚΩ,104 38,+302105239201,
ΚΟΤΟΜΜΑΤΑΙ 1810,,4,www.cotommatae.gr,info@cotommatae.gr,22980 53873,6942485947,22980 53878,Ύδρα,ΥΔΡΑ,180 40,,
ΚΡΑΟΥΝ ΠΛΑΖΑ ΑΘΕΝΣ ΣΙΤΙ ΣΕΝΤΡ,"


0.5 Χλμ
",5,www.cpathens.com,info@cpathens.com,210-7278000,,210-7278600,Αθήνα,ΜΙΧΑΛΑΚΟΠΟΥΛΟΥ 50,115 28,,
ΚΡΕΟΛΗ,"


2 Χλμ
",3,,kreolihotel@yahoo.gr,210-8948010,,210-8948010,Γλυφάδα,ΛΕΩΦ.ΠΟΣΕΙΔΩΝΟΣ 17,166 74,,
ΚΡΥΣΤΑΛ ΣΙΤΥ,"


1 Χλμ
",3,,crystalc@otenet.gr,210-5205145,,210-5231202,Αθήνα,ΚΟΛΩΝΟΥ 68  &  ΑΧΙΛΛΕΩΣ 4,104 37,,
ΚΡΥΣΤΑΛΛΙΝΟ ΓΑΛΑΖΙΟ,"


3 Χλμ
",2,www.crystalblue.gr,glyfada@crystalblue.gr,210-8941539,210-8941552,210-8941552,Γλυφάδα,ΑΓΓΕΛΟΥ ΜΕΤΑΞΑ 45,166 74,,
ΚΥΑΝΗ ΑΚΤΗ,"


5 Χλμ
",2,www.kianiakti.com,info@kianiakti.com,22990-86400,22990-86401,22990-86050,Βραυρώνα,ΛΕΩΦ.ΑΓ. ΜΑΡΙΝΑΣ 40,190 03,,
ΚΥΒΕΛΗ,"


1 Χλμ
",3,www.thalo.gr,axiotiefstratios@gmail.com,210-8025698,210-8028030,210-8029186,Πεύκη,ΚΟΛΟΚΟΤΡΩΝΗ 7,151 21,,
ΚΥΘΕΑ ΘΕΡΕΤΡΟΝ,"


5 Χλμ
",4,www.kythea.gr,info@kythea.com,27360-39150,27360-39160,27360-39180,Αγία Πελαγία,ΑΓΙΑ ΠΕΛΑΓΙΑ ΚΥΘΗΡΩΝ,801 00,21-04003003,21-04325370
ΚΥΘΕΡΕΙΑ,"


7 Χλμ
",1,www.kythereia.gr,kythereia2001@yahoo.com,27360-33321,,27360-33825,Αγία Πελαγία,ΑΓ.ΠΕΛΑΓΙΑ ΚΥΘΗΡΩΝ,802 00,,
ΚΥΘΗΡΑ ΧΡΥΣΟ ΘΕΡΕΤΡΟ,,4,www.kythiragoldenresort.gr,info@kythiragoldenresort.gr,2736033407,,27360-33907,Διακόφτι,ΔΙΑΚΟΦΤΙ ΚΥΘΗΡΩΝ,801 00,27310-23500,27310-23500
ΚΥΚΛΑΜΙΝΑ,,2,,,000-0000000,,,Πάρνηθα,ΑΓΙΑ ΤΡΙΑΔΑ-ΠΑΡΝΗΘΑ,136 74,,
ΚΥΡΙΑΚΟΣ ΚΛΩΝΟΣ,"


0.5 Χλμ
",2,www.klonos.gr,klonos@klonos.gr,22970-22640,22970-22597,22970-28643,Αίγινα,ΝΙΚΟΛΑΟΥ ΚΑΖΑΝΤΖΑΚΗ 48,180 10,,
ΚΩΝΣΤΑΣ,,2,,,000-0000000,,,Βίλια,ΤΑΣΟΥ ΠΑΓΩΝΗ 2,190 12,,
ΛΑΚΟΜΠΑ,"


0.1 Χλμ
",2,,lacobahotel@yahoo.gr,210-9407755,210-9407758,210-9407755,Καλλιθέα,ΤΑΓΜΑΤΑΡΧΟΥ ΠΛΕΣΣΑ 23-25,176 74,,
ΛΑΝΟΣ,"


0.5 Χλμ
",3,,ioannis.galigalis@nnadvisors.gr,210-6542448,6977-771263,210-9480209,Ποταμός,,801 00,21-06542448,21-06536188
ΛΑΤΣΗ,"


0.1 Χλμ
",3,,,22980-22392,,22980-23451,Πόρος,ΠΑΠΑΔΟΠΟΥΛΟΥ 74,180 20,2298-022392,
ΛΕΓΑΚΗΣ  ΝΤΖΙ ΕΛ ΕΣ,"


0.5 Χλμ
",2,,hotelgls@gmail.com,210-9409558,210-9409559,210-9409558,Μοσχάτο,ΠΛΑΤΩΝΟΣ 1 & ΠΟΣΕΙΔΩΝΟΣ,185 35,,
ΛΕΡΙΩΤΗΣ,"


1 Χλμ
",2,,quee13@otenet.gr,210-4533632,210-4533633,210-4533638,Πειραιάς,ΑΚΤΗ ΘΕΜΙΣΤΟΚΛΕΟΥ 294,185 39,,
ΛΕΩΝ,"


0.2 Χλμ
",4,www.lionhotel.gr,lion-sa@otenet.gr,210-7248722/4,,210-7248752,Αθήνα,ΑΝΑΠΗΡΩΝ ΠΟΛΕΜΟΥ 2  &  ΕΥΖΩΝΩΝ 7,115 21,,
ΛΗΔΑ,"


3 Χλμ
",2,https://xcitehotels.gr/index.php/el/63-slider/137-hotel-lida-kifisia,lidahotel@hotmail.com,2106255590,2106255591,2106255592,Κηφισιά,ΤΑΤΟΙΟΥ 103,145 64,2109944288,2109944235
ΛΗΤΩ,,1,,gkkgroup1@gmail.com,210-5233780,210-5233648,210-5233780,Αθήνα,ΚΑΠΟΔΙΣΤΡΙΟΥ 40,104 32,,
ΛΗΤΩ,"


0.1 Χλμ
",5,www.letohydra.gr,info@letohydra.gr,6944362223,210-7258546,22980-53806,Ύδρα,ΥΔΡΑ,180 40,21-07258546,
ΛΙΑΝΟΣ,"


1 Χλμ
",2,www.lianoshotel.gr,lianoshotels@hotmail.com,22980-74798,,22980-74783,Σπέτσες,ΣΟΦΟ ΣΠΕΤΣΩΝ,180 50,22980-74798,
ΛΙΛΙΑ,"


0.5 Χλμ
",2,www.liliahotel.gr,info@liliahotel.gr,210-4179108,210-4179346,210-4114311,Πειραιάς,ΖΕΑΣ 131,185 34,,
ΛΙΜΑΝΙ ΔΙΑΚΟΦΤΙ,"


18 Χλμ
",3,www.portodiakofti.com,info@portodiakofti.com,2736033760,,2736033760,Διακόφτι,ΦΡΙΛΙΓΚΙΑΝΙΚΑ,802 00,,
ΛΙΜΑΝΙ ΤΟΥ ΔΕΛΦΙΝΙΟΥ,"


1.5 Χλμ
",3,www.portodelfino.gr,info@portodelfino.gr,27360-31940,27360-31941,27360-31939,Καψάλι,ΚΑΨΑΛΙ ΚΥΘΗΡΩΝ,801 00,21-06645304,
ΛΙΜΠΕΡΤΙ,"


0.05 Χλμ
",2,,gkkgroup1@gmail.com,2105234450,,210-5234450,Αθήνα,ΑΡΙΣΤΟΤΕΛΟΥΣ 3,104 32,,
ΛΙΜΠΕΡΤΥ,"


0.03 Χλμ
",2,www.hotelliberty1.gr,info@hotelliberty1.gr,22970-32353,,,Αγία Μαρίνα,ΑΓΙΑ ΜΑΡΙΝΑ ΑΙΓΙΝΑΣ,180 10,,
ΛΙΜΠΕΡΤΥ ΙΙ,"


16 Χλμ
",2,www.hotelliberty2.gr,info@hotelliberty2.gr,22970-32105,22970-32645,22970-32668,Αγία Μαρίνα,ΑΓ.ΜΑΡΙΝΑ ΑΙΓΙΝΑΣ,180 10,2297-032105,
ΛΙΝΤΟ,"


0.3 Χλμ
",2,www.hotel-lido.gr,athenslidohotel01@gmail.com,210-5248211,210-5240171,210-5246616,Αθήνα,ΖΗΝΩΝΟΣ & ΝΙΚΗΦΟΡΟΥ 2,104 37,,
ΛΟΖΕΝ,"


1 Χλμ
",4,www.lozengehotel.com,info@lozengehotel.com,2103388889,,210-3605600,Αθήνα,ΒΑΛΑΩΡΙΤΟΥ 6,106 71,,
ΛΟΝΔΙΝΟΝ,,3,www.londonhotelathens.com,info@londonhotel.gr,210-8942106,08944070,210-8942106,Γλυφάδα,ΛΕΩΦΟΡΟΣ ΠΟΣΕΙΔΩΝΟΣ 38,166 74,,
ΛΟΦΟΣ,"


3 Χλμ
",1,www.hillhotel.gr,s_pergantis@hillhotel.gr,210-6014474,210-6084764,210-6003262,Αγία Παρασκευή,ΔΗΜΗΤΡΟΣ 6,153 42,,
ΛΩΖΑΝΗ,"


0.5 Χλμ
",1,,,210-5223801,210-5226161,210-5245506,Αθήνα,ΚΑΠΟΔΙΣΤΡΙΟΥ 54,104 32,,
ΛΩΤΟΣ,"


5 Χλμ
",4,www.athenslotushotel.gr,info@athenslotushotel.gr,210-5249050,5249080,210-5249890,Αθήνα,ΧΙΟΥ 9 - ΜΕΤΑΞΟΥΡΓΕΙΟ,104 38,,
ΜΑΓΔΑ,"


0.02 Χλμ
",2,www.magdahotelaegina.gr,ml1@otenet.gr,22970-32325,,22970-32325,Αγία Μαρίνα,ΑΓ.ΜΑΡΙΝΑ ΑΙΓΙΝΑΣ,180 10,,
ΜΑΪ ΑΘΕΝΣ ΧΟΤΕΛ,"


0.3 Χλμ
",3,www.hotelsofathens.com,tsakiri1@otenet.gr,210-5245711,210-5245712,210-5231548,Αθήνα,ΖΗΝΩΝΟΣ  &  ΚΕΡΑΜΕΙΚΟΥ 3,104 37,,
ΜΑΙΑΜΙ,"


2 Χλμ
",2,www.miami-hotel.gr,miami@otenet.gr,22940-34372,22940-34373,22940-34373,Νέα Μάκρη,ΚΥΑΝΗΣ ΑΚΤΗΣ 12,190 05,6973-308168,2294-034373
ΜΑΙΡΗ,"


1 Χλμ
",2,www.maryplaza.gr,info@maryplaza.gr,210-9411845,210-9411017,2109411888,Μοσχάτο,ΛΕΩΦ.ΠΟΣΕΙΔΩΝΟΣ 31,183 44,,
ΜΑΙΡΗ,,1,http://www.agistri.com.gr/mary/en-index.html,mary@agistri.com.gr,22970-91421,22970-91097,,Μεγαλοχώρι-Αγκίστρι,ΣΚΑΛΑ ΑΓΚΙΣΤΡΙΟΥ ΑΙΓΙΝΑΣ,180 10,,
ΜΑΙΣΤΡΑΛΙ,"


0.1 Χλμ
",3,www.mistralhydra.gr,info@hotelmistral.gr,22980-52509,22980-53411,22980-53412,Ύδρα,ΥΔΡΑ,180 40,2298-052509,2298-053412
ΜΑΙΣΤΡΑΛΙ,"


20 Χλμ
",2,www.maistraliapartments.com,fil.petsas@gmail.com,27360-33749,27360-33911,27360-33911,Διακόφτι,ΔΙΑΚΟΦΤΙ ΚΥΘΗΡΩΝ,802 00,6974-667083,
ΜΑΝΕΣΗ,"


0.2 Χλμ
",3,www.manessi.com,manessis@otenet.gr,22980-22273,22980-25857,22980-24345,Πόρος,ΠΟΡΟΣ,180 20,,
ΜΑΝΣΙΟΝ,"


0.3 Χλμ
",1,,mansionathens@gmail.com,2177368145,2105243212,,Αθήνα,ΣΑΤΩΒΡΙΑΝΔΟΥ 28,104 32,,
ΜΑΡΑΘΩΝ,"


1 Χλμ
",2,,,22940-55122,,22940-55122,Μαραθώνας,ΤΥΜΒΟΣ,190 07,,
ΜΑΡΓΑΡΙΤΑ,"


23 Χλμ
",3,www.hotel-margarita.com,margarita@hotel-margarita.com,2736031711,,23760-31325,Κύθηρα,ΧΩΡΑ ΚΥΘΗΡΩΝ,801 00,,
ΜΑΡΓΑΡΙΤΑ,"


0.2 Χλμ
",1,www.kastro-margarita.com,margaritahotel@yahoo.gr,22980-73027,,22980-73102,Σπέτσες,ΣΠΕΤΣΕΣ,180 50,,
ΜΑΡΙΝΑ,"


0.2 Χλμ
",3,www.marina.com.gr,info@marina.com.gr,210-5200660,,210-5200330,Αθήνα,ΒΟΥΛΓΑΡΗ 13,104 37,,
ΜΑΡΙΝΑ,"


0.15 Χλμ
",2,,info@klonosanna.gr,2297032301,2297032205,,Αγία Μαρίνα,ΑΓΙΑ ΜΑΡΙΝΑ ΑΙΓΙΝΑΣ,180 10,2297-071454,2297-032072
ΜΑΡΙΝΑ ΑΛΙΜΟΣ,"


0.5 Χλμ
",3,www.marinaalimos.gr,marinaalimosgrh@gmail.com,210-9828911,210-9828912,210-9815018,Καλαμάκι,ΠΟΣΕΙΔΩΝΟΣ 15  &  ΔΑΒΑΚΗ 1,174 55,,
ΜΑΡΚΟΣ,,1,,hotelmarkos@hotmail.com,210-5815450,,210-5325044,Χαϊδάρι,ΣΑΤΩΒΡΙΑΝΔΟΥ 3  &  ΛΕΩΦΟΡΟΣ ΑΘΗΝΩΝ,124 61,,
ΜΑΡΜΑΡΙΝΟ ΣΠΙΤΙ,"


3 Χλμ
",1,www.marblehouse.gr,info@marblehouse.gr,210-9234058,210-9228294,210-9226461,Αθήνα,ΑΝΑΣΤΑΣΙΟΥ ΖΗΝΗ 35 ΚΟΥΚΑΚΙ,117 41,,
ΜΑΡΜΑΡΙΝΟΣ,"


0.3 Χλμ
",1,www.hotelmarmarinos.gr,hotel.marmarinos@gmail.com,22970-23510,22970-22474,22970-22474,Αίγινα,Λ.ΛΑΔΑ 24,180 10,,
ΜΑΡΟΥ,"


7 Χλμ
",4,www.marouhotel.ΨΟΜ,maroukythira@gmail.com,27360-33466,,27360-33497,Αγία Πελαγία,ΑΓ.ΠΕΛΑΓΙΑ ΚΥΘΗΡΩΝ,802 00,2108069556,
ΜΑΡΟΥΣΙ,"


2 Χλμ
",2,,alfaskyhotel@yahoo.gr,210-6198191,210-6198338,210-6197697,Αμαρούσιο,ΟΛΥΜΠΙΑΣ 10,151 24,,
ΜΑΤΙ,"


3 Χλμ
",4,www.matihotel.gr,info@matihotel.gr,22940-33502,22940-033568,22940-34811,Νέα Μάκρη,ΛΕΩΦΟΡΟΣ ΠΟΣΕΙΔΩΝΟΣ 33,190 09,2294-033502,2294-034811
ΜΑΥΡΟ ΛΙΘΑΡΙ,"


10 Χλμ
",3,www.mavrolitharihotel.gr,sales@michtarian.gr,22910-54972,22910-54974,22910-54975,Ανάβυσσος,47 ΧΛΜ.ΛΕΩΦ.ΑΘΗΝΩΝ-ΣΟΥΝ.,190 13,21-03230632,21-03233918
ΜΕΓΑ ΘΕΡΕΤΡΟ ΛΑΓΟΝΗΣΙΟΥ,"


20 Χλμ
",5,www.grandresort.gr,grandresort@grandresort.gr,22910-76000,210-3679000,22910-24514,Καλύβια Θορικού,ΤΑΧ.ΘΥΡΙΔΑ 66,190 10,2291076000,2291024514
ΜΕΓΑΛΗ ΒΡΕΤΤΑΝΙΑ,"


1 Χλμ
",5,www.grandebretagne.gr,info.gb@starwoodhotels.com,210-3330000,,210-3228034,Αθήνα,ΒΑΣ.ΓΕΩΡΓΙΟΥ Α' 1,105 63,,
ΜΕΓΑΡΑ,,3,www.megarahotel.gr,info@megarahotel.gr,2296028720,,,Μέγαρα,ΑΓΙΟΥ ΙΩΑΝΝΟΥ ΘΕΟΛΟΓΟΥ 84,19100,,
ΜΕΔΟΥΣΑ,,2,www.hotelmedusa.gr,info@hotelmedusa.gr,22940-82213,,22940-85403,Αρτέμιδα,ΛΕΩΦΟΡΟΣ ΑΡΤΕΜΙΔΟΣ 2,190 16,,
ΜΕΘΑΝΕΙΟΝ,,2,http://methanionhotel.gr,methanionhotel@yahoo.gr,22980-92227,,,Μέθανα,ΑΚΤΗ ΣΑΡΩΝΙΚΟΥ 134,180 30,,
ΜΕΛΙΑ ΑΘΗΝΑ,"


0.3 Χλμ
",4,www.melia-athens.com,melia.athens@melia.com,210-3320100,,210-3320200,Αθήνα,ΧΑΛΚΟΚΟΝΔΥΛΗ 14,106 77,,
ΜΕΛΙΣΣΑ,"


0.6 Χλμ
",2,www.melissahotel.gr,melissa@melissahotel.gr,210-5546547,210-5543283,210-5546547,Ελευσίνα,ΠΕΡΣΕΦΟΝΗΣ 21,192 00,,
ΜΕΛΙΣΣΑ ΙΙ,"


3 Χλμ
",2,www.melissahotel.gr,melissa@melissahotel.gr,210-5546547,,210-5546547,Ελευσίνα,ΧΑΤΖΗΔΑΚΗ 27,192 00,,
ΜΕΝΗ,,3,www.menihotel.gr,info@menihotel.gr,210 5205405,210 5225950,,Αθήνα,ΨΑΡΡΩΝ 9,10437,,
ΜΗΤΡΟΠΟΛΙΣ,"


2 Χλμ
",2,www.hotelmetropolis.gr,info@hotelmetropolis.gr,210-3217871,210-3217469,210-3217871,Αθήνα,ΜΗΤΡΟΠΟΛΕΩΣ 46,105 63,,
ΜΙΝΑΥΡΑ,,2,,minavracreative@gmail.com,210-8990008,210-8990011,,Βούλα,ΔΩΔΕΚΑΝΗΣΟΥ  &  Ι.ΜΕΤΑΞΑ 2,166 73,,
ΜΙΝΙΟΝ,"


0.5 Χλμ
",2,www.hotelminion.gr,,210-5234222,210-5234223,,Αθήνα,ΜΑΙΖΩΝΟΣ 3,104 38,,
ΜΙΝΩΑ,"


1 Χλμ
",3,,minoa1@otenet.gr,210-5234622,210-5234624,210-5221111,Αθήνα,ΚΑΡΟΛΟΥ 12,104 37,,
ΜΙΡΑ ΜΑΡΕ,"


0.05 Χλμ
",1,,miramarevoula@gmail.com,210-8958448,,210-9659075,Βούλα,ΒΑΣ.ΠΑΥΛΟΥ 4,166 73,,
ΜΙΡΑΜΠΕΛΟ ΤΩΝ ΑΘΗΝΩΝ,"


1 Χλμ
",3,www.athens-mirabello.gr,info@athens-mirabello.gr,210-5223657,5223629,210-5223185,Αθήνα,ΓΕΡΑΝΙΟΥ 49,104 31,,
ΜΙΡΑΝΤΑ,"


4 Χλμ
",3,,hotelmirada@yahoo.gr,210-8946561,210-8946689,,Γλυφάδα,ΜΕΡΟΠΗΣ 11 & ΠΟΣΕΙΔΩΝΟΣ,166 75,,
ΜΙΡΑΝΤΑ,"


0.1 Χλμ
",4,www.Μiranda-Ηotel.com,hydra@mirandahotel.gr,22980-52230,,22980-53510,Ύδρα,ΥΔΡΑ,180 40,21-06849268,21-06840067
ΜΙΡΑΝΤΑ,"


1 Χλμ
",2,www.hotelmiranta.gr,info@hotelmiranta.gr,22970-22266,6955314038,22970-27832,Αίγινα,ΓΥΜΝΑΣΤΗΡΙΟΥ 10,180 10,2297-022266,2297-027832
ΜΙΣΤΡΑΛ,"


1 Χλμ
",3,,info@mistral.gr,210-4117150,,,Πειραιάς,ΑΛ.ΠΑΠΑΝΑΣΤΑΣΙΟΥ 105,185 33,,
ΜΟΥΝΤΥ ΜΠΑΙΗ,"


6 Χλμ
",3,www.lalibay.gr,info@lalibay.gr,22970-61215,22970-61146,22970-61147,Πέρδικα,ΠΕΡΔΙΚΑ ΑΙΓΙΝΗΣ,180 10,2104226274,
ΜΟΥΣΕΙΟΝ,"


0.15 Χλμ
",3,www.museum-hotel.gr,info@museum-hotel.gr,210-3805611,,210-3800507,Αθήνα,ΜΠΟΥΜΠΟΥΛΙΝΑΣ 16,106 82,,
ΜΠΑΚΟΜΗΤΡΟΣ,"


15 Χλμ
",1,,chronis_25@hotmail.com,22970-32442,,,Αγία Μαρίνα,ΑΓΙΑ ΜΑΡΙΝΑ ΑΙΓΙΝΑΣ,180 10,,
ΜΠΑΛΑΣΚΑ,"


1 Χλμ
",3,,hotelbalasca@yahoo.gr,210-8835211/5,,210-8835214,Αθήνα,ΛΙΟΣΙΩΝ 45,104 39,,
ΜΠΑΛΛΟΣ,"


2 Χλμ
",2,www.ballosapartments.gr,ballosapartments@yahoo.gr,22940-93689,,22940-95250,Νέα Μάκρη,Λ.ΠΟΣΕΙΔΩΝΟΣ 3,190 05,21-08964446,2294-095250
ΜΠΙΛΛ,"


2 Χλμ
",2,www.hotelbill.gr,info@hotelbill.gr,210-5239617,210-5239619,210-5239619,Αθήνα,ΚΕΡΑΜΕΩΝ 33,104 36,,
ΜΠΛΕ ΣΥΝΤΡΙΒΑΝΙ,"


14 Χλμ
",3,www.hotelbluefountain.eu,office@hotelbluefountain.eu,22970-32045,22970-32054,22970-32320,Αγία Μαρίνα,ΜΑΝΗΣ 1,180 10,6982-472384,
ΜΠΛΕΙΖΕΡ ΣΟΥΙΤΕΣ,"


0.1 Χλμ
",4,www.blazersuites.gr,info@blazersuites.gr,210-9658801,,210-9658808,Βούλα,Κ.ΚΑΡΑΜΑΝΛΗ 1,166 73,,
ΜΠΛΕΝΤ,,4,https://www.blendhotel.gr,askmeanything@blendhotel.gr,2103221552,,,Αθήνα,ΑΙΟΛΟΥ 59,10551,,
ΜΠΟΡΑ-ΜΠΟΡΑ,"


6 Χλμ
",2,www.boraborahotel.gr,info@boraborahotel.gr,210-2531804,210-2581053,210-2531804,Νέα Φιλαδέλφεια,ΘΕΣΣΑΛΟΝΙΚΗΣ 53,143 42,,
ΜΠΟΥΣΟΥΛΑΣ,"


8 Χλμ
",2,www.kinetta.gr,bousoulas@kinetta.gr,22960-62260,22960-62780,22960-63550,Κινέτα,56 ΧΛΜ ΑΘΗΝΩΝ ΚΟΡΙΝΘΟΥ,191 00,,
ΜΠΡΑΖΙΛ,"


1.5 Χλμ
",4,www.brasilhotel.gr,info@brasilhotel.gr,210-8942124/6,,210-8942886,Γλυφάδα,ΕΛΕΥΘΕΡΙΑΣ 4,166 74,,
ΜΠΡΑΟΥΝ,"


0.3 Χλμ
",2,www.hotelbrown.gr,gb@hotelbrown.gr,22970-22271,,,Αίγινα,ΤΟΤΤΗ ΧΑΤΖΗ 4,180 10,2297-022271,
ΜΠΡΑΟΥΝ ΑΚΡΟΠΟΛ ΧΟΤΕΛ,"


0.05 Χλμ
",4,https://www.brownhotels.com/athens/acropol,reservations.greece@brownhotels.com,2144441300,,,Αθήνα,ΠΕΙΡΑΙΩΣ 1,105 52,,
ΜΠΡΑΤΣΕΡΑ,"


0.05 Χλμ
",4,www.bratserahotel.com,info@bratserahotel.com,22980-53971,,22980-53626,Ύδρα,ΑΓΙΑ ΒΑΡΒΑΡΑ,180 40,21-07218102,21-07221619
ΜΥΡΜΗΔΩΝ,"


9 Χλμ
",1,www.hotel-myrmidon.gr,info@hotel-myrmidon.gr,22970-32691,6977-249052,22970-32558,Αγία Μαρίνα,ΑΓΙΑ ΜΑΡΙΝΑ ΑΙΓΙΝΑΣ,180 10,6977-249052,
ΜΥΡΤΩ,"


3 Χλμ
",3,www.myrtohotel.com,info@myrtohotel.com,22940-39300,,22940-39301,Νέα Μάκρη,ΛΕΩΦ.ΜΑΡΑΘΩΝΟΣ 34,190 05,,
ΝΑΤΑΛΙΑ,"


5 Χλμ
",2,,sandri.marine@gmail.com,210-5582006,,210-5576206,Ασπρόπυργος,ΠΑΡΑΛΙΑ,193 00,,
ΝΑΥΣΙΚΑ,"


0.8 Χλμ
",3,,,22970-22333,,,Αίγινα,Λ.ΚΑΖΑΤΖΑΚΗ 55,180 10,2297-022333,2297-022477
ΝΑΥΣΙΚΑ,"


1 Χλμ
",2,,hotnaf@otenet.gr,210-5239381,210-5231136,210-5221111,Αθήνα,ΚΑΡΟΛΟΥ 21,104 37,,
ΝΑΥΣΙΚΑ,"


0.5 Χλμ
",3,staycocomat.com,info@nafsika.gr,2108018027,,210-8013556,Κηφισιά,ΠΕΛΛΗΣ 6,145 61,,
ΝΑΥΣΙΚΑ ΑΣΤΗΡ ΠΑΛΛΑΣ,"


5 Χλμ
",5,www.astir-palace.com,reservations.athens@fourseasons.com,210-8902000,,210-8962903,Βουλιαγμένη,ΑΠΟΛΛΩΝΟΣ 40,166 71,,21-08962582
ΝΕΟΝ ΑΙΓΛΗ,"


2 Χλμ
",4,www.newaegli.gr,manessisotenet@gmail.com,22980-22372,23200,22980-24345,Πόρος,ΑΣΚΕΛΙ,180 20,2298-022372,2298-024345
ΝΕΟΝ ΒΙΚΤΟΡΥ,"


1 Χλμ
",2,www.victoryhotel.gr,,210-8840816,210-8840818,,Αθήνα,ΝΙΚΑΙΑΣ 5,104 34,,
ΝΕΟΣ ΟΛΥΜΠΟΣ,"


2 Χλμ
",1,www.hotelneosolympos.com,hotelneosolympos@hotmail.com,210-5223433,,210-5223408,Αθήνα,Θ.ΔΕΛΗΓΙΑΝΝΗ 38,104 38,,
ΝΕΣΤΟΡΕΙΟΝ,"


0.1 Χλμ
",2,www.nestoriohotel.gr,info@nestoriohotel.gr,2109425010,2109420820,2109424006,Παλαιό Φάληρο,ΠΕΝΤΕΛΗΣ 8,175 64,,
ΝΕΦΕΛΗ,"


1 Χλμ
",2,www.hotel-nefeli.com,info@hotel-nefeli.com,210-3228044,210-3228045,210-3225800,Αθήνα,ΑΓΓΕΛΙΚΗΣ ΧΑΤΖΗΜΙΧΑΛΗ 2,105 58,,
ΝΕΦΕΛΗ,"


3 Χλμ
",3,www.nefelihotelathens.gr,info@nefelihotelathens.gr,210-9853133,210-9853134,210-9827055,Καλαμάκι,ΦΑΝ ΒΑΙΚ  &  ΒΑΣ.ΓΕΩΡΓΙΟΥ,174 55,,
ΝΗΡΕΥΣ,"


2 Χλμ
",2,www.nireushotel.gr,info@nireushotel.gr,22940-91214,22940-91514,22940-93486,Νέα Μάκρη,ΝΕΑ ΜΑΚΡΗ ΑΤΤΙΚΗΣ,190 05,2294-091214,2294-093486
ΝΙΚΗ,"


1 Χλμ
",3,https://www.nikiathenshotel.com/,info@nikihotel.gr,210-3220913,210-3220915,210-3220886,Αθήνα,ΝΙΚΗΣ 27,105 57,,
ΝΙΚΗ,"


2 Χλμ
",2,www.niki-hotel.gr,info@niki-hotel.gr,210-4116602,,,Πειραιάς,Γ.ΤΣΕΛΕΠΗ 5-ΠΛ.ΙΠΠΟΔΑΜΕΙΑ,185 31,,
ΝΙΚΟΛΑ,"


1 Χλμ
",2,www.nicolahotel.gr,info@nicolahotel.gr,210-8837911,210-8837912,210-8838693,Αθήνα,ΩΛΕΝΟΥ 14,113 62,,
ΝΙΟΥ ΧΟΤΕΛ,"


1 Χλμ
",5,www.yeshotels.gr,sflenga@yeshotels.gr,210-3273200,,210-3273100,Αθήνα,ΦΙΛΕΛΛΗΝΩΝ 16,105 57,,
ΝΙΟΥΓΙΟΡΚΕΡΣ,,1,,mariosziotis@yahoo.gr,210-5221849,,,Αθήνα,ΜΕΝΑΝΔΡΟΥ 31,105 53,,
ΝΙΣ ΧΟΤΕΛΣ ΕΝΤ ΣΟΥΙΤΣ,,4,,info@nichehotelathens.gr,6973997993,,,Αθήνα,ΣΥΓΓΡΟΥ 21,11743,,
ΝΟΒΟΤΕΛ ΑΘΗΝΩΝ,"


3 Χλμ
",4,www.novotel.gr,h0866@accor.com,210-8200700,,210-8200777,Αθήνα,ΜΙΧΑΗΛ ΒΟΔΑ 4-8,104 39,,
ΝΟΒΟΥΣ,"


1 Χλμ
",4,www.novushotel.gr,accounts@xenotel.gr,211-1053000,,210-5231229,Αθήνα,ΚΑΡΟΛΟΥ 23,104 37,,
ΝΟΜΑ,,3,www.nomahotel.gr,info@nomahotel.gr,2103239899,,,Αθήνα,ΑΘΗΝΑΪΔΟΣ 11-12,10563,,
ΝΟΜΠΛΕ ΣΟΥΙΤΕΣ,,3,,dtremoulis@jpenergy.gr,6973699223,,,Αθήνα,ΕΡΕΧΘΕΙΟΥ 45,11742,,
ΝΟΥΜΠΙΑΝ,,0,,nubianhostelathens@gmail.com,2103390019,,2103390019,Αθήνα,ΜΑΥΡΟΜΙΧΑΛΗ 47,10680,,
ΝΟΥΦΑΡΑ,"


1 Χλμ
",3,www.noufara-hotel.gr,info@noufarahotel.eu,210-4115541/3,,210-4134292,Πειραιάς,ΗΡΩΩΝ ΠΟΛΥΤΕΧΝΕΙΟΥ 45,185 35,,
ΝΤΑΙΖΥ,,1,,iliasfan@hotmail.com,210-5239033,210-5239036,,Αθήνα,ΨΑΡΡΩΝ 18,104 38,,
ΝΤΕΪΒ ΡΕΝΤ ΑΘΕΝΣ,,3,www.brownhotels.com,niovi.tsogia@brownhotels.com,000-0000000,,,Αθήνα,Βεραντζέρου 25 & Μαρίκας Κοτοπούλη 11,104 32,,
ΝΤΕΛΙΣ,"


0.1 Χλμ
",4,www.delice.gr,info@delice.gr,210-7238311,2107238312,210-7238314,Αθήνα,ΒΑΣΙΛΕΩΣ ΑΛΕΞΑΝΔΡΟΥ 3  &  ΒΡΑΣΙΔΑ,115 28,,
ΝΤΙΝΑ,,1,http://hydraicons.gr,info@hydraicons.gr,22984-00010,6977246275,22980-52812,Ύδρα,ΥΔΡΑ,180 40,,
ΝΤΟΛΤΣΕ ΑΤΙΚΑ ΡΙΒΙΕΡΑ,"


10 Χλμ
",4,www.dolceatticariviera.com,reservations@dolceatticariviera.com,22940-71000,2103614923,22940-47700,Βραυρώνα,ΒΡΑΥΡΩΝΑ ΑΤΤΙΚΗΣ,190 03,,
ΝΤΟΜΟΤΕΛ ΚΑΣΤΡΙ,"


5 Χλμ
",4,www.domotel.gr/hotel/7/Kastri-Athens,kastri@domotel.gr,2103507100,2130106105,2103507121,Νέα Ερυθραία,ΕΛ.ΒΕΝΙΖΕΛΟΥ 154,146 71,,
ΝΤΟΡΙΑΝ ΙΝ,"


0.03 Χλμ
",3,www.greekhotels.com,dorianho@otenet.gr,210-5239782,,210-5226196,Αθήνα,ΠΕΙΡΑΙΩΣ 17,105 52,,
ΝΩΝΤΑΣ,,1,nautilusnontashotel.com,nontashotelagistri@yahoo.gr,22970-91065,22970-91212,,Μεγαλοχώρι-Αγκίστρι,ΜΕΓΑΛΟΧΩΡΙ,180 10,6987012755,
ΞΑΝΘΙΠΠΗ,"


9 Χλμ
",2,www.xanthippihotel.gr,info@xanthippihotel.gr,2297052201,+302104922016,210-9480685,Βαθύ,ΣΟΥΒΑΛΑ ΑΙΓΙΝΑΣ,180 10,210-4922016,210-9480685
ΞΕΝΙΑ ΗΛΙΟΣ,"


3 Χλμ
",3,,,22910-37024,22910-37034,,Ανάβυσσος,ΑΝΑΒΥΣΣΟΣ ΑΤΤΙΚΗΣ,190 13,2291-037017,2291-036998
ΞΕΝΙΑ ΠΟΡΟΣ ΙΜΑΤΖ,"


0.5 Χλμ
",4,www.porosimage.gr,info@porosimage.com,22980-22216,2109610150,22980-25725,Πόρος,ΠΟΡΟΣ ΤΡΟΙΖΗΝΙΑΣ,180 20,,
ΞΕΝΟΔΟΧΕΙΟ @ ΣΥΓΓΡΟΥ ΦΙΞ,"


1 Χλμ
",2,www.hotelsyngroufix.gr,sales@hotelsyngroufix.gr,2152159156,210-9233560,,Αθήνα,Λ.ΣΥΓΓΡΟΥ 94,117 42,,
ΞΕΝΟΦΩΝ,"


0.05 Χλμ
",4,www.xenophon-hotel.com,xenofo1@otenet.gr,210-2020310/9,,210-2020320,Αθήνα,ΑΧΑΡΝΩΝ 340,111 45,,
ΟΑΣΙΣ,,2,,svet_aeg@otenet.gr,22970-32312,,22970-32682,Αγία Μαρίνα,,180 10,,
ΟΑΣΙΣ,"


0.8 Χλμ
",4,www.oasishotelapartments.com,info@oasishotelapartments.com,210-8941662,,211-7800123,Γλυφάδα,ΛΕΩΦΟΡΟΣ ΠΟΣΕΙΔΩΝΟΣ 27,166 75,,
ΟΔΟΣ ΑΘΗΝΑΣ ΙΝ,,0,www.athinasstreetinn.gr,info@athinasstreetinn.gr,211-1821678,,,Αθήνα,ΑΘΗΝΑΣ 60,10551,,
ΟΙΚΟΓΕΝΕΙΑΚΟ,"


0.1 Χλμ
",2,www.familyinn.gr,info@familyinn.gr,210-7701947,,210-7701952,Αθήνα,Γ.ΠΑΠΑΝΔΡΕΟΥ  &  ΛΟΥΛΟΥΔΙΩΝ 27,157 73,,
ΟΙΚΟΝΟΜΙΑ,"


0.3 Χλμ
",2,www.economyhotel.gr,info@economyhotel.gr,2105220520,2105220521,210-5220640,Αθήνα,ΚΛΕΙΣΘΕΝΟΥΣ 5,105 52,,
ΟΛΙΒΙΑ ΧΑΟΥΖ 1,,1,www.oliviahouse1.gr,oliviahousepeiraias@gmail.com,2130411460,,,Πειραιάς,ΧΑΡ.ΤΡΙΚΟΥΠΗ 32 & ΑΛΚΙΒΙΑΔΗ,185 36,,
ΟΛΥΜΠΙΑΚΟΝ,"


1 Χλμ
",2,,vi_la@otenet.gr,210-4835500,210-4835503,,Πειραιάς,ΓΙΑΝΝΟΠΟΥΛΟΥ 11,185 47,,
ΟΛΥΜΠΙΑΚΟΝ,"


1.5 Χλμ
",3,,,22940-91078,22940-94012,,Νέα Μάκρη,ΠΟΣΕΙΔΩΝΟΣ 11-15,190 05,21-07218245,21-07218245
ΟΛΥΜΠΙΚ,"


0.8 Χλμ
",2,www.fashionhotels.gr,olympic@fashionhotels.gr,210-6813430,210-6813757,210-6819836,Χαλάνδρι,ΣΟΥΡΗ 1,152 32,2106813430,
ΟΛΥΜΠΙΟΝ,"


3 Χλμ
",2,https://www.olympionhotel.gr,olympionhotel.gr@gmail.com,210-2316019,,210-2316019,Αχαρνές,Λ.ΜΑΒΙΛΗ 10,136 75,,
ΟΜΗΡΟΣ,,3,http://www.omiros-hotel.com,omiros-hotel@hotmail.com,210-3235486,210-3235487,210-3228059,Αθήνα,ΑΠΟΛΛΩΝΟΣ 15,105 57,,
ΟΜΗΡΟΣ,"


1 Χλμ
",1,,hotelikarospireus@gmail.com,210-4833833,,210-4833833,Μοσχάτο,ΟΜΗΡΟΥ 7,183 45,,
ΟΝΕΙΡΟ,"


1 Χλμ
",2,www.hotel-oniro.gr,kaliopi144@hotmail.com,210-8832731,210-8832732,210-8832733,Αθήνα,ΣΠΥΡΟΥ ΤΡΙΚΟΥΠΗ 57,106 83,,
ΟΝΕΙΡΟ Χ 1,"


19 Χλμ
",1,www.xdream.gr,info@xdream.gr,210-6080459,210-6015514,210-6399934,Αγία Παρασκευή,ΥΔΡΑΣ 12,153 42,,
ΟΝΤΕΟΝ,"


0.1 Χλμ
",3,www.hotelodeon.gr,info@hotelodeon.gr,210-5239200,210-5231649,210-5233953,Αθήνα,ΠΕΙΡΑΙΩΣ 42,104 37,,
ΟΡΛΩΦ,"


0.05 Χλμ
",4,www.orloff.gr,hotel@orloff.gr,22980-52564,22980-52495,22980-53532,Ύδρα,ΥΔΡΑ,180 40,21-05226152,21-05227265
ΟΡΦΕΥΣ,"


0.5 Χλμ
",2,www.orpheushotel.gr,info@orpheushotel.gr,210-5232977,210-5224996,210-3252091,Αθήνα,ΧΑΛΚΟΚΟΝΔΥΛΗ 58,104 32,,
ΟΣΚΑΡ,"


0.8 Χλμ
",3,www.oscar.gr,oscar@oscar.gr,210-8834215/9,,210-8216368,Αθήνα,ΣΑΜΟΥ  &  ΦΙΛΑΔΕΛΦΕΙΑΣ 25,104 39,,
ΟΤΕΛ ΜΑΡΤΖΙ,"


3 Χλμ
",2,,takisnikitas@gmail.com,210-5325540,210-5325541,210-5325542,Χαϊδάρι,ΙΕΡΑΣ ΜΟΝΗΣ 4,124 62,,
ΟΥΛΡΙΚΑ,"


1 Χλμ
",1,,info@aeginaplazahotel.com,22970-22910,22970-25600,,Αίγινα,Π.ΓΡΗΓΟΡΙΟΥ Ε 1,180 10,,
ΟΥΡΑΝΙΟ ΤΟΞΟ,"


5 Χλμ
",3,,,210-6217506,210-6217509,,Άνοιξη,ΑΓΙΟΥ ΑΘΑΝΑΣΙΟΥ 5,145 69,,
ΟΥΡΜΠΑΝ ΦΡΕΪΜ ΧΟΤΕΛ,"


1 Χλμ
",3,https://urbanframehotel.com/,info@urbanframehotel.com,2103235969,,,Αθήνα,ΝΙΚΗΣ 40,105 53,,
ΠΑΓΩΝΑ,,1,,,22970-91122,,,Μεγαλοχώρι-Αγκίστρι,ΣΚΑΛΑ ΑΓΚΙΣΤΡΙΟΥ ΑΙΓΙΝΑΣ,180 10,,
ΠΑΛΛΑΣ,"


5 Χλμ
",4,www.palacehotel.gr,manager@palacehotel.gr,210-8948361,08946068,210-8949061,Γλυφάδα,ΒΑΣ.ΓΕΩΡΓΙΟΥ 4,166 75,21-08948361,21-08949061
ΠΑΛΜΥΡΑ ΜΠΗΤΣ,"


3 Χλμ
",4,www.palmyra.gr,info@palmyra.gr,210-8981183,210-8945195,210-8981186,Γλυφάδα,Λ.ΠΟΣΕΙΔΩΝΟΣ 70,166 75,21-08980683,21-08948110
ΠΑΝ,"


3 Χλμ
",3,www.panhotel.gr,reservations@panhotel.gr,210-3237816,,210-3237819,Αθήνα,ΜΗΤΡΟΠΟΛΕΩΣ 11,105 57,,
ΠΑΝΘΕΟΝ,"


1.5 Χλμ
",2,www.pantheonathens.com,info@pantheonathens.com,22990-63040,22990-63041,22990-40664,Μαρκόπουλο,31 ΧΛΜ ΑΘΗΝΩΝ - ΛΑΥΡΙΟΥ,190 03,,
ΠΑΝΟΡΑΜΑ,"


16 Χλμ
",2,www.hotelpanorama-aegina.gr,info@hotelpanorama-aegina.gr,22970-32202,,22970-32144,Αγία Μαρίνα,ΑΓΙΑ ΜΑΡΙΝΑ ΑΙΓΙΝΑΣ,180 10,,
ΠΑΠΑΣΩΤΗΡΙΟΥ,"


0.5 Χλμ
",2,,papasotiriouhotel@gmail.com,22980-42841,,22980-43558,Γαλατάς,25ΗΣ ΜΑΡΤΙΟΥ 41,180 20,,
ΠΑΡΑΝΤΙΣΟ ΡΗΣΟΡΤ,,2,https://paradisoresort.gr/,info@paradisoresort.gr,22970-32696,,,Αγία Μαρίνα,ΑΓ.ΜΑΡΙΝΑ ΑΙΓΙΝΑΣ,180 10,21-09483205,21-09483219
ΠΑΡΘΕΝΗΣ,"


0.2 Χλμ
",2,,plazahot@otenet.gr,210-8956072,210-8952289,210-8953495,Βούλα,ΚΩΝ/ΝΟΥ ΚΑΡΑΜΑΝΛΗ 21,166 73,,
ΠΑΡΘΕΝΩΝ,"


1 Χλμ
",4,www.airotel.gr,pareception@airotel.gr,210-9234594,,210-9235797,Αθήνα,ΜΑΚΡΗ 6-ΜΑΚΡΥΓΙΑΝΝΗ,117 42,21-06400720,21-06400750
ΠΑΡΚ,"


3 Χλμ
",2,www.theparkhotel.gr,park@otenet.gr,210-6007115,210-6007567,210-6002916,Αγία Παρασκευή,ΚΩΝ/ΝΟΥ ΠΑΛΑΙΟΛΟΓΟΥ 1-5,153 42,,
ΠΑΡΚ,"


0.5 Χλμ
",3,www.thepark.gr,info@thepark.gr,210-4524611/4,,210-4524615,Πειραιάς,ΚΟΛΟΚΟΤΡΩΝΗ 103,185 35,,
ΠΑΡΚ,"


1 Χλμ
",5,www.radissonblu.com/hotel-athens,info@rbathenspark.com,210-8894500,210-8894503,210-8238420,Αθήνα,ΛΕΩΦΟΡΟΣ ΑΛΕΞΑΝΔΡΑΣ 10,106 82,,
ΠΑΡΝΙΣ ΠΑΛΛΑΣ,,4,www.parnispalace.gr,info@parnispalace.gr,210-2464010,,,Αχαρνές,20 ΧΛΜ.ΛΕΩΦ.ΠΑΡΝΗΘΟΣ,136 71,,
ΠΑΡΝΩΝ,"


1 Χλμ
",3,www.parnon-hotel.gr,info@parnon-hotel.gr,2105230013,2105230014,2105224315,Αθήνα,3ΗΣ ΣΕΠΤΕΜΒΡΙΟΥ 20 & ΧΑΛΚΟΚΟΝΔΥΛΗ 21,104 32,,
ΠΑΥΛΟΥ,"


0.4 Χλμ
",2,,,22970-22795,22970-24008,,Αίγινα,Π.ΑΙΓΙΝΙΤΟΥ 21,180 10,,
ΠΑΥΛΟΥ,"


2 Χλμ
",3,www.pavlouhotel.gr,hotelpavlou@hotmail.com,22980-22734,22980-22736,22980-22735,Πόρος,ΝΕΩΡΙΟ ΠΟΡΟΥ,180 20,2106847765,2106847765
ΠΕΙΡΑΙΑΣ ΘΕΟΞΕΝΙΑ ΟΤΕΛ,"


1.5 Χλμ
",5,www.theoxeniapalace.com,piraeus@theoxeniapalace.com,210-4112550,,210-4125565,Πειραιάς,ΚΑΡΑΟΛΗ ΔΗΜΗΤΡΙΟΥ 23,185 31,,
ΠΕΙΡΑΙΑΣ ΛΙΜΑΝΙ ΞΕΝΟΔΟΧΕΙΟ,"


0.55 Χλμ
",2,www.piraeusporthotel.com,porthotel@outlook.com,210-4121112,210-4121113,210-4121112,Πειραιάς,ΕΥΑΓΓΕΛΙΣΤΡΙΑΣ 12 & Νοταρά 1,185 31,,
ΠΕΙΡΑΙΩΣ ΠΟΛΙΣ,"


0.5 Χλμ
",2,www.piraeusdream.gr,info@piraeusdream.gr,210-4110555,210-4110540,210-4110542,Πειραιάς,ΦΙΛΩΝΟΣ 79-81,185 35,,
ΠΕΛΑΓΙΑ-ΑΦΡΟΔΙΤΗ,"


7 Χλμ
",3,www.pelagia-aphrodite.com,info@pelagia-aphrodite.com,2736033926,2736033927,27360-34242,Αγία Πελαγία,ΑΓΙΑ ΠΕΛΑΓΙΑ ΚΥΘΗΡΩΝ,802 00,,
ΠΕΛΛΑ ΙΝΝ,"


3 Χλμ
",1,www.pellainn.com,pellainn@yahoo.com,210-3250598,210-3212229,210-3250598,Αθήνα,ΕΡΜΟΥ 104,105 54,,
ΠΕΝΤΕΛΙΚΟΝ,"


2 Χλμ
",5,,,210-6281400,,,Κηφισιά,Θ.ΔΕΛΗΓΙΑΝΝΗ 66,145 62,,
ΠΕΡΓΑΜΟΣ,"


1 Χλμ
",2,www.pergamoshotel.gr,info@pergamoshotel.gr,210-5231991/2,,210-5231993,Αθήνα,ΑΧΑΡΝΩΝ 14,104 33,,
ΠΕΡΔΙΚΑ,"


0.02 Χλμ
",4,www.perdikasuites.gr,info@perdikasuites.gr,22970-61101,210-9647128,22970-61106,Πέρδικα,ΠΕΡΔΙΚΑ ΑΙΓΙΝΑΣ,180 10,210-9647128,210-9647151
ΠΕΡΙΑΝΘ,,5,http://www.perianthhotel.com,andreas@perianthhotel.com,2103226531,000-0000000,210 3227 120,Αθήνα,"ΒΑΣΙΛΙΚΗΣ , ΣΚΟΥΖΕ & ΛΙΜΠΟΝΑ",10560,,
ΠΕΡΙΣ ΧΟΤΕΛ ΔΙΑΜΕΡΙΣΜΑΤΑ,"


1 Χλμ
",2,www.perishotelapt.gr,info@perishotelapt.gr,22940-83763,,22940-83752,Αρτέμιδα,25ΗΣ ΜΑΡΤΙΟΥ 28-ΒΟΡΙΝΕΖΑ,190 16,,
ΠΕΡΙΣΚΟΠΙΟ,"


0.5 Χλμ
",4,www.periscope.gr,info@periscope.gr,210-7297200,,210-7297206,Αθήνα,ΧΑΡΙΤΟΣ 22,106 75,,
ΠΕΥΚΑ,"


1.5 Χλμ
",2,,info@hotelpines.com,210-6205011,210-6205013,210-8079564,Κηφισιά,ΑΡΤΕΜΙΔΟΣ & ΧΕΛΙΔΩΝΟΥΣ,145 62,,
ΠΗΓΑΙ,"


0.5 Χλμ
",4,https://pigai.gr/ypr.html,nanou.angie@gmail.com,22980-92258,22980-92378,22980-92258,Μέθανα,25ΗΣ ΜΑΡΤΙΟΥ 1,180 30,2298-092258,
ΠΙΚΕΡΜΙ,"


2 Χλμ
",2,,info@pikermihotel.gr,210-6039231,,210-6039349,Πικέρμι,ΜΑΡΑΘΩΝΟΣ 54,190 09,,
ΠΙΝΔΑΡΟΣ,,1,,,210-5244229,,,Αθήνα,ΣΟΦΟΚΛΕΟΥΣ 24,105 52,,
ΠΙΤΣΙΝΑΔΕΣ,"


3 Χλμ
",3,www.pitsinades.com,xenonas@pitsinades.com,27360-33877,,27360-33877,Αρωνιάδικα,ΑΡΩΝΙΑΔΙΚΑ ΚΥΘΗΡΩΝ,802 00,21-04173702,21-04173702
ΠΛΑΖΑ,"


0.3 Χλμ
",3,www.non-smoking.gr,plazahot@otenet.gr,210-8991079,,210-8991662,Βούλα,ΚΩΝΣΤΑΝΤΙΝΟΥ ΚΑΡΑΜΑΝΛΗ 17,166 73,,
ΠΛΑΖΑ,"


1 Χλμ
",1,,e12008@windowslive.com,22970-25600,,,Αίγινα,ΚΑΖΑΝΤΖΑΚΗ 4,180 10,,
ΠΛΑΖΑ ΡΕΖΟΡΤ,"


20 Χλμ
",3,www.plaza-resort.com,sales@plaza-resort.com,22910-75000,,22910-75200,Ανάβυσσος,51 ΧΛΜ ΑΘΗΝΩΝ ΣΟΥΝΙΟΥ,190 13,21-03634235,21-03608810
ΠΛΑΖΑ ΣΤΡΑΝΤ,"


4 Χλμ
",3,,,210-9670196,210-9670197,210-9670139,Βουλιαγμένη,ΛΗΤΟΥΣ 14,166 71,,
ΠΛΑΚΑ,"


2 Χλμ
",3,www.athenshotelsgroup.com,plaka@athenshotelsgroup.com,210-3222096/8,,210-3211800,Αθήνα,ΚΑΠΝΙΚΑΡΕΑΣ 7,105 56,,
ΠΛΑΤΩΝ,"


0.5 Χλμ
",2,www.platon-hotel.gr,info@platon-hotel.gr,210-9403176,,210-9403314,Μοσχάτο,ΠΛΑΤΩΝΟΣ 3,183 44,,
ΠΛΑΤΩΝ,"


4 Χλμ
",3,www.platonhotel.com,info@platonhotel.com,210-2815612,210-2822615,210-2823713,Μεταμόρφωση,ΚΥΚΛΑΔΩΝ ΚΑΙ ΨΥΧΑΡΗ,144 52,,
ΠΟΛΙΣ ΜΕΓΑ,"


0.2 Χλμ
",4,www.polisgrandhotel.gr,info@polisgrandhotel.gr,210-5243156,,210-5233688,Αθήνα,ΒΕΡΑΝΖΕΡΟΥ 10,104 32,,
ΠΟΡΟΣ ΒΙΣΤΑ,"


0.4 Χλμ
",3,www.porosvistahotel.com,welcome@porosvistahotel.com,22980-42227,22980-43728,,Γαλατάς,,180 20,,
ΠΟΡΦΥΡΑ,"


0.5 Χλμ
",3,,porfyra1@gmail.com,27360-33329,,27360-33924,Ποταμός,ΠΟΤΑΜΟΣ ΚΥΘΗΡΩΝ,802 00,2736-033777,
ΠΟΡΦΥΡΟΥΣΑ,"


10 Χλμ
",3,www.porfyrousa.gr,info@porfyrousa.gr,27360-38281,,27360-38282,Μυλοπόταμος,ΜΥΛΟΠΟΤΑΜΟΣ ΚΥΘΗΡΩΝ,801 00,6977-013370,2736-038282
ΠΟΣΕΙΔΩΝ,"


0.5 Χλμ
",3,www.poseidonhotel.com.gr,info@poseidonhotel.com.gr,210-9872000,,210-9829217,Παλαιό Φάληρο,ΛΕΩΦ.ΠΟΣΕΙΔΩΝΟΣ 72,175 62,,
ΠΟΣΕΙΔΩΝ,,2,http://www.hotelpossidon.gr,possidon.aegina@gmail.com,22970-32125,,,Αγία Μαρίνα,ΑΓΙΑ ΜΑΡΙΝΑ ΑΙΓΙΝΑΣ,180 10,,
ΠΟΣΕΙΔΩΝΕΙΟΝ ΜΠΙΤΣ ΒΙΛΛΑΣ,,3,https://sounionvillas.gr/,denniskas2000@gmail.com,2292039141,6932243864,,Κάτω Σούνιο,"67,5 ΧΛΜ ΑΘΗΝΩΝ ΣΟΥΝΙΟΥ",195 00,6932243864,
ΠΟΣΕΙΔΩΝΙΟ,"


0.5 Χλμ
",2,www.hotelposeidonio.com,info@hotelposeidonio.com,210-4286651,210-4286656,210-4599220,Πειραιάς,ΧΑΡΙΛΑΟΥ ΤΡΙΚΟΥΠΗ 3,185 36,,
ΠΟΣΕΙΔΩΝΙΟΝ,"


0.2 Χλμ
",5,www.poseidonion.com,gm@poseidonion.com,22980-74553,,22980-74248,Σπέτσες,ΣΠΕΤΣΕΣ,180 50,6944-350618,
ΠΟΥΛΑΚΗΣ,"


0.02 Χλμ
",1,,hotelpoulakis@gmail.com,22970-91353,,22970-91443,Μεγαλοχώρι-Αγκίστρι,,180 10,,
ΠΡΑΣΙΝΟ ΑΚΡΩΤΗΡΙ,"


3 Χλμ
",4,www.caboverde.gr,info@caboverde.gr,22940-33111,,22940-33112,Νέα Μάκρη,ΠΟΣΕΙΔΩΝΟΣ 41,190 05,,
ΠΡΑΣΙΝΟΣ ΛΟΦΟΣ,"


3 Χλμ
",2,www.greenhill.gr,info@greenhill.gr,210-2850190/1,2850191,,Ηράκλειο,ΑΜΑΡΟΥΣΙΟΥ 36,141 22,,
ΠΡΕΖΙΤΕΝΤ,"


1 Χλμ
",4,www.president.gr,president@president.gr,210-6989000,6989500,210-6924900,Αθήνα,ΚΗΦΙΣΙΑΣ 43,115 23,,
ΠΡΙΑΜΟΣ,"


1 Χλμ
",2,,a.giotopoulou@asd-sa.gr,210-7295930,210-7295932,210-7295932,Αθήνα,ΦΩΚΙΑΝΟΥ 26-28,116 35,,
ΠΡΙΒΕ,"


2 Χλμ
",2,,priveath@otenet.gr,210-5227800,210-5221807,210-5221807,Αθήνα,ΚΕΡΑΜΕΩΝ 26,104 37,,
ΠΡΙΒΕ,"


4 Χλμ
",2,www.privehotel.gr,hotelmanager@privehotel.gr,210-5575190,210-5575191,210-5576424,Σκαραμαγκάς,Β.ΕΛΛΑΔΟΣ & ΠΛΟΥΤΑΡΧΟΥ,124 62,,
ΠΡΙΓΚΗΠΙΚΟΝ,"


1 Χλμ
",1,,elikonhotel@gmail.com,210-5242376,210-5248490,22260-23572,Αθήνα,ΒΕΡΑΝΖΕΡΟΥ 27,104 32,,
ΠΡΙΜΑ,"


0.1 Χλμ
",1,,loukopoulosmarios@yahoo.com,210-4826603,210-4813359,210-4812501,Πειραιάς,Δ. ΦΑΛΗΡΕΩΣ 7,185 33,,
ΠΥΘΑΓΟΡΕΙΟΝ,"


0.5 Χλμ
",3,www.hotelsofathens.com info@hotelsofathens.com,tsakiri1@otenet.gr,210-5242811,210-5242812,210-5245581,Αθήνα,ΑΓ.ΚΩΝ/ΝΟΥ 28,104 37,,
ΠΥΛΗ ΤΩΝ ΑΘΗΝΩΝ,"


1 Χλμ
",4,www.athensgate.gr,gm@athensgate.gr,210-9238302,210-9238781,210-9237493,Αθήνα,ΛΕΩΦΟΡΟΣ ΣΥΓΓΡΟΥ 10,117 42,,
ΡΑΜΑΝΤΑ ΑΤΙΚΑ ΡΙΒΙΕΡΑ,"


5 Χλμ
",4,www.ramadaatticariviera.com,reservations@ramadaatticariviera.com,22940-77555,,22940-77233,Νέα Μάκρη,Λ.ΠΟΣΕΙΔΩΝΟΣ 55-57,190 05,,
ΡΑΣΤΩΝΗ,"


0.5 Χλμ
",2,www.rastoni.gr,info@rastoni.gr,2107212315,2107212315,22970-27639,Αίγινα,ΣΤΡ.ΔΗΜ.ΠΕΤΡΙΤΗ 31,180 10,2107212315,
ΡΑΧΗΛ,,1,www.hotelrachel.com,info@hotelrachel.com,22970-32168,22970-32367,22970-32368,Αγία Μαρίνα,ΑΓ.ΜΑΡΙΝΑ ΑΙΓΙΝΑΣ,180 10,21-04974837,
ΡΙΟ ΑΘΗΝΑΣ ΙΙ,,3,www.hotel-rio.gr,info@hotel-rio.gr,210-5227075,,210-5227377,Αθήνα,ΟΔΥΣΣΕΩΣ 15-17,104 36,,
ΡΙΟΝ,"


1 Χλμ
",2,www.hotel-rio.gr,info@hotel-rio.gr,210-5229954,210-5227063,210-5227377,Αθήνα,ΟΔΥΣΣΕΩΣ 13,104 36,,
ΡΟΖΑ,,1,www.hotelroza.gr,hotelroza@outlook.com,210-9403555,,2109403555,Καλλιθέα,ΑΙΓΕΩΣ 56 ΚΑΙ ΑΓΗΣΙΛΑΟΥ,176 75,,
ΡΟΗ,"


1 Χλμ
",3,www.royhotelathens.com,info@royhotelathens.com,210-8610843,,210-8622529,Αθήνα,ΡΟΔΟΥ 15,112 52,,
ΡΟΜΑΝΤΙΚΑ ΑΠΑΡΤΜΕΝΤΣ,"


7 Χλμ
",3,www.romanticahotel.gr,romantica@kythira.com,27360-33834,27360-33835,27360-33915,Αγία Πελαγία,,801 00,6976-751871,
ΡΟΜΑΝΤΙΚΑ ΙΙ,,3,www.romanticahotel.gr,romantica@kythira.com,27360-33834,6976751871,,Αγία Πελαγία,,802 00,6976751871,
ΡΟΥΑΓΙΑΛ,"


5 Χλμ
",2,,nagastas@yahoo.gr,210-5576481,,,Σκαραμαγκάς,ΠΑΛΑΣΚΑ 1,124 62,,
ΡΟΥΑΓΙΑΛ ΟΛΥΜΠΙΚ,"


1 Χλμ
",5,www.royalolympic.com,info@royalolympic.com,210-9288400,,210-9288526,Αθήνα,ΑΘ. ΔΙΑΚΟΥ 28-34,117 43,,
ΡΟΥΓΑ,"


5 Χλμ
",2,,,27360-33596,,,Αρωνιάδικα,,802 00,,
ΡΟΥΜΑΝΗ,"


0.03 Χλμ
",3,www.hotelroumani.gr,info@hotelroumani.gr,22980-72244,22980-72344,22980-73061,Σπέτσες,ΣΠΕΤΣΕΣ,180 50,2298-072875,2298-073061
ΡΩ,"


1 Χλμ
",2,http://www.roapartmentsporos.gr/,romanidisn@gmail.com,2298024065,2298024475,2104118383,Πόρος,ΑΣΚΕΛΙ ΠΟΡΟΥ ΤΡΟΙΖΗΝΙΑΣ,180 20,2298024065,2104118383
ΣΑΒΟΙ,"


0.25 Χλμ
",3,www.savoyhotel.gr,savoy@otenet.gr,210-4284580,,210-4284588,Πειραιάς,ΗΡΩΩΝ ΠΟΛΥΤΕΧΝΙΟΥ 93,185 36,,
ΣΑΛΕΜ,"


5 Χλμ
",2,https://xcitehotels.gr/el/hotel-salem/salem-rooms?gclid=EAIaIQobChMIk5PA6oTo6QIVzbTtCh0CqQV5EAAYASAAEgJNaPD_BwE,salemhotel@hotmail.com,2109944288,2109944289,2109944235,Αργυρούπολη,Μ.ΓΕΡΟΥΛΑΝΟΥ 1,164 52,6972888990,2109944235
ΣΑΜΓΟΥΕΡ ΒΟΥΛΙΑΓΜΕΝΗ,"


3 Χλμ
",5,www.somewhere-hotels.com,frontoffice.atticagreece@somewhere-hotels.com,2291060031,,2109670004,Βουλιαγμένη,ΔΙΟΣ 2,166 71,2291060031,2291060043
ΣΑΝ ΡΕΜΟ,,1,http://hostelsanremoathens.com,info@hostelsanremoathens.com,210-5233245,,,Αθήνα,ΝΙΣΥΡΟΥ 8,104 38,,
ΣΑΡΩΝ,"


0.5 Χλμ
",3,www.hotelsaronporos.com,admin@hotelsaronporos.com,22980-22279,,22980-23670,Πόρος,,180 20,21-03602787,21-03601525
ΣΑΡΩΝ,"


5 Χλμ
",2,www.saronhotel.gr,info@saronhotel.gr,2292039144,,22920-39045,Κάτω Σούνιο,60 ΧΛΜ ΑΘΗΝΩΝ - ΛΑΥΡΙΟΥ,195 00,2292-039144,2292-039045
ΣΑΡΩΝΙΚΟΣ,"


7 Χλμ
",1,,,22970-52224,,,Βαθύ,,180 10,,
ΣΑΡΩΝΙΣ,"


15 Χλμ
",4,www.saronis-methana.gr,sales@saronis-methana.gr,22980-92312,22980-092376,22980-92590,Μέθανα,ΜΕΘΑΝΑ,180 30,,
ΣΑΡΩΝΙΣ,"


14 Χλμ
",1,,,22970-32386,,,Αγία Μαρίνα,ΑΓΙΑ ΜΑΡΙΝΑ ΑΙΓΙΝΑΣ,180 10,2297-032386,
ΣΑΡΩΝΙΣ,"


0.2 Χλμ
",1,www.saronis.com,info@saronis.com,22970-91394,,22970-91394,Σκάλα,ΙΩΑΝΝΟΥ ΜΕΤΑΞΑ,180 10,2297-091226,
ΣΕΙΡΗΝΑ,"


3.5 Χλμ
",3,,info@sireneblueresort.gr,22980-22741,22980-22742,22980-22744,Πόρος,ΠΟΡΟΣ,180 20,2298022741,2298-022744
ΣΕΛΕΣΤΙΑ,,4,www.filoxeneskatoikies.gr,filoxeneskatoikies@yahoo.com,27360-33755,,21212-19972,Καρβουνάδες,ΚΕΡΑΜΩΤΟ,801 00,,
ΣΕΜΕΛΗ,"


2 Χλμ
",2,www.hotel-semeli.gr,info@hotel-semeli.gr,210-8657527,,,Αθήνα,ΘΗΡΑΣ 16,112 57,,
ΣΕΜΙΡΑΜΙΣ,"


1 Χλμ
",5,www.semiramisathens.com,sflenga@yeshotels.gr,210-6284400,2103273200,210-6284499,Κηφισιά,ΧΑΡΙΛΑΟΥ ΤΡΙΚΟΥΠΗ ΚΑΙ ΦΙΛΑΔΕΛΦΕΩΣ,145 62,,
ΣΕΝΤΡΟΤΕΛ ΠΛΑΤΕΙΑΣ ΒΙΚΤΩΡΙΑΣ,"


0.5 Χλμ
",2,www.centrotel.gr,info@centrotel.gr,210-8258010,,210-8258015,Αθήνα,ΠΑΙΩΝΙΟΥ 11,104 40,,
ΣΕΣΙΛ,"


0.5 Χλμ
",2,www.cecilhotel.gr,info@cecil.gr,210-3218005,210-3217079,210-3219606,Αθήνα,ΑΘΗΝΑΣ 39,105 54,,
ΣΙ ΒΙΟΥ,"


0.3 Χλμ
",4,www.hotelseaview.eu,welcome@hotelseaview.eu,210-8947681,210-8947682,210-8942189,Γλυφάδα,ΞΑΝΘΟΥ 4,166 74,,
ΣΙΒΙΤΕΛ,"


0.5 Χλμ
",4,www.civitelhotels.com,gm@civitelhotels.com,210-6101000,210-6101000,210-6898195,Αμαρούσιο,ΚΗΦΙΣΙΑΣ2 &  ΠΑΝΤΑΝΑΣΣΗΣ,151 25,,
ΣΙΔΡΑ,"


0.05 Χλμ
",3,,sidrahotel@yahoo.gr,22980-53401,22980-53402,22980-52111,Ύδρα,ΥΔΡΑ,180 40,6972182585,
ΣΙΚ,"


0.2 Χλμ
",4,www.chichotel.gr,res@chichotel.gr,210-5222822,,2118005222,Αθήνα,ΠΕΙΡΑΙΩΣ 25,105 52,,
ΣΙΝΕΜΑ,,2,,priamos11@yahoo.gr,2102840033,,,Μεταμόρφωση,ΕΛΕΥΘΕΡΙΟΥ ΒΕΝΙΖΕΛΟΥ 22,14452,,
ΣΙΣΣΥ,"


5.5 Χλμ
",1,,razvan1113@gmail.com,22970-62122,,,Αίγινα,ΜΑΡΑΘΩΝΑΣ ΑΙΓΙΝΑΣ,180 10,2297-026630,
ΣΙΤΥ ΣΕΡΚΟΥΣ,"


1 Χλμ
",4,www.citycircus.gr,info@citycircus.gr,213-0237244,,213-0237244,Αθήνα,ΣΑΡΡΗ 16-16Α,105 53,,
ΣΚΟΡΠΙΟΣ,"


1 Χλμ
",2,www.hotel-scorpios.gr,info@hotel-scorpios.gr,210-4512172,210-4524751,210-4512172,Πειραιάς,ΑΚΤΗ ΘΕΜΙΣΤΟΚΛΕΟΥΣ 156,185 39,,
ΣΟΛΩΜΟΥ,"


0.2 Χλμ
",3,www.solomouhotel.com,info@hotelsolomou.com,210-5231435,,210-5229101,Αθήνα,ΣΟΛΩΜΟΥ 72,104 32,,
ΣΟΥΪΤΕΣ ΤΕΧΝΗΣ ΑΘΗΝΩΝ,"


0.6 Χλμ
",4,,info@arthotelathens.gr,210-7473170,,210-7473180,Αθήνα,ΣΕΒΑΣΤΕΙΑΣ 3,115 28,21-05240501,21-05243384
ΣΟΥΙΤΕΣ ΤΕΧΝΗΣ ΚΟΡΑΗ,,5,,info@arthotelathens.gr,210-5238373,,,Αθήνα,ΣΟΛΩΜΟΥ 78,104 32,,
ΣΟΦΙΑ,"


0.05 Χλμ
",3,www.hotelsophia.gr,hydra@hotelsophia.gr,22980-52313,,22980-52313,Ύδρα,ΜΙΑΟΥΛΗ 1,180 40,21-04538697,21-04513925
ΣΟΦΙΤΕΛ ΑΕΡΟΔΡΟΜΙΟΥ ΑΘΗΝΩΝ,"


2 Χλμ
",5,www.sofitel.com,h3167@sofitel.com,210-3544000,,210-3544444,Σπάτα,Δ.Α.ΑΘΗΝΩΝ- ΕΛ.ΒΕΝΙΖΕΛΟΣ-,190 04,,
ΣΠΑΡΤΑ ΤΙΜ,"


0.1 Χλμ
",1,www.spartahotel.gr,info@spartahotel.gr,2105244561,,210-5245155,Αθήνα,ΜΕΝΑΝΔΡΟΥ 21,105 53,,
ΣΠΑΡΤΗ,"


1.5 Χλμ
",1,,,210-4177882,,,Πειραιάς,ΚΑΠΟΔΙΣΤΡΙΟΥ 18,185 31,,
ΣΠΑΣΤΗΡΑΣ,"


0.3 Χλμ
",2,www.hotelspastiras.gr,louloudia89@hotmail.com,2297091218,,,Μεγαλοχώρι-Αγκίστρι,ΣΚΑΛΑ ΑΓΚΙΣΤΡΙΟΥ ΑΙΓΙΝΑΣ,180 10,2297-091218,
ΣΠΕΤΣΑΙ,"


2 Χλμ
",4,www.spetseshotel.gr,info@spetseshotel.gr,22980-72602/4,210-8213126,22980-72494,Σπέτσες,ΣΠΕΤΣΕΣ,180 50,,21-08210602
ΣΤΑΛΙΣ,"


1 Χλμ
",2,www.stalishotel.com,reservationstalis@yahoo.com,210-5241411,210-5241412,211-8004333,Αθήνα,ΑΚΟΜΙΝΑΤΟΥ 10,104 37,,
ΣΤΑΝΛΕΥ,"


0.15 Χλμ
",4,www.hotelstanley.gr,administartion@hotelstanley.gr,2119900900,2119900918,2105238450,Αθήνα,ΟΔΥΣΣΕΩΣ 1,104 37,,
ΣΤΕΛΙΟΣ,"


0.3 Χλμ
",1,,,22980-73280,22980-72971,,Σπέτσες,ΣΠΕΤΣΕΣ,180 50,,
ΣΤΕΦΑΝΑΚΗΣ,"


0.01 Χλμ
",3,www.stefanakishotel.gr,info@stefanakishotel.gr,210-8970528,210-05244345,210-8970249,Βάρη,ΑΦΡΟΔΙΤΗΣ 17,166 72,21-09425139,21-08974426
ΣΤΟ ΡΟΛΟΙ,"


0.2 Χλμ
",4,www.storoloi-poros.gr,info@storoloi-poros.com,22980-25808,,,Πόρος,ΚΩΣΤΕΛΕΝΟΥ 34-36,180 20,,
ΣΤΡΑΤΟΣ ΒΑΣΙΛΙΚΟΣ,"


0.5 Χλμ
",4,www.airotel.gr,svreception@airotel.gr,210-7706611,,210-7708137,Αθήνα,ΜΙΧΑΛΑΚΟΠΟΥΛΟΥ 114 ΚΑΙ ΠΟΝΤ,115 27,2106449384,21-06400750
ΣΥΝΑΝΤΗΣΗ -ΑΘΕΝΣ ΚΟΝΕΞΙΟΝ,,1,,,210-8828333,210-8828335,,Αθήνα,ΙΟΥΛΙΑΝΟΥ 20,106 82,,
ΣΩΚΡΑΤΗΣ,"


0.5 Χλμ
",3,www.hotelsocrates.gr,info@hotelsocrates.gr,210-8842211,,210-8823220,Αθήνα,ΝΕΟΦΥΤΟΥ ΜΕΤΑΞΑ 29,104 39,,
ΤΑ ΦΡΑΤΣΙΑ,,2,,,27360-31704,,,Φράτσια,,801 00,,
ΤΕΜΠΗ,"


0.3 Χλμ
",1,www.tempihotel.gr,info@tempihotel.gr,210-3213175,,210-3254179,Αθήνα,ΑΙΟΛΟΥ 29,105 51,,
ΤΕΣΣΕΡΕΣ ΕΠΟΧΕΣ,"


1 Χλμ
",3,www.fourseasonshotel.gr,4shotel@otenet.gr,210-8942211/3,,210-8944266,Γλυφάδα,ΛΕΩΦΟΡΟΣ ΠΟΣΕΙΔΩΝΟΣ 79,166 74,,
ΤΕΣΣΕΡΙΣ ΕΠΟΧΕΣ,"


2 Χλμ
",4,www.fourseasonshydra.gr,info@fourseasonshydra.gr,22980-53698,,22980-53646,Βλυχός,ΒΛΥΧΟΣ ΥΔΡΑΣ,180 40,2298-053659,2298-053881
ΤΖΕΙΣΟΝ ΙΝΝ,"


1 Χλμ
",3,https://hoteljasoninn.com,douros@otenet.gr,210-3251106,210-3251108,210-3243132,Αθήνα,ΑΣΩΜΑΤΩΝ 12-14,105 53,,
ΤΙΒΟΛΙ,"


1 Χλμ
",1,,info@hoteltivoli.gr,2105816885,2105816884,2105816885,Χαϊδάρι,ΙΕΡΑ ΟΔΟΣ 334,124 61,,
ΤΙΕΡ ΚΟΛΕΞΙΟΝ,,1,,is.feroulis@gmail.com,210-5223079,,,Αθήνα,ΒΙΚΤΩΡΟΣ ΟΥΓΚΩ 31,104 37,,
ΤΙΤΑΝΙΑ,"


0.5 Χλμ
",4,www.titania.gr,titania@titania.gr,210-3326000,210-3326200,210-3300700,Αθήνα,ΠΑΝΕΠΙΣΤΗΜΙΟΥ 52-54,106 78,,
ΤΟ ΑΚΡΟΓΙΑΛΙ,"


11 Χλμ
",3,,,22980-73695,,,Σπέτσες,ΑΓ.ΑΝΑΡΓΥΡΟΙ,180 50,2298-072510,
ΤΟ ΜΑΡΤΖΙ,"


3 Χλμ
",5,www.themargi.gr,agiostratitis@themargi.gr,210-8929000,,210-8929143,Βουλιαγμένη,ΛΗΤΟΥΣ 11,166 71,,
ΤΟ ΣΠΙΤΙ,"


1.5 Χλμ
",2,,,210-9812862,,,Καλαμάκι,ΠΑΥΛΟΥ ΜΕΛΑ 14,174 55,,
ΤΟ Υ ΞΕΝΟΔΟΧΕΙΟ,"


1 Χλμ
",4,www.theYhotel.gr,administration@theYhotel.gr,210-8018495,,210-8015218,Κηφισιά,ΜΥΚΟΝΟΥ 3 (ΚΕΦΑΛΑΡΙ),145 62,,
ΤΟ ΦΡΕΣΚΟ,"


0.3 Χλμ
",4,www.freshhotel.gr,info@freshhotel.gr,6944694888,,210-5248517,Αθήνα,ΣΟΦΟΚΛΕΟΥΣ 26-ΚΛΕΙΣΘΕΝΟΥΣ,105 52,,
ΤΟΓΙΑΣ,"


0.2 Χλμ
",1,,ad.economics@gmail.com,22970-24242,,22970-22472,Αίγινα,ΠΛ.ΕΘΝΕΓΕΡΣΙΑΣ,180 10,,
ΤΟΝΥΣ,,1,www.hoteltony.gr,tony@hoteltony.gr,210-9235761,210-9230561,210-9236370,Αθήνα,ΖΑΧΑΡΙΤΣΑ 26,117 41,,
ΤΟΥΕΝΤΙ ΟΥΑΝ,"


1 Χλμ
",4,www.twentyone.gr,sflenga@yeshotels.gr,210-6233521,,210-6233821,Κηφισιά,ΚΟΛΟΚΟΤΡΩΝΗ 21,145 62,,
ΤΡΙΑ ΑΔΕΛΦΙΑ,"


0.5 Χλμ
",2,www.triaadelfia.gr,3adelfia.aegina@gmail.com,2297032229,,2297032077,Αγία Μαρίνα,,180 10,2297071520,
ΤΡΙΑΚΟΣΙΑ ΕΞΗΝΤΑ (360) ΧΟΤΕΛ,,3,,accounting@three-sixty.gr,6936903685,,,Αθήνα,Μιαούλη 5,10555,,
ΤΡΙΤΩΝ,"


1 Χλμ
",3,www.htriton.gr,htriton@otenet.gr,210-4173457/8,,210-4177888,Πειραιάς,ΤΣΑΜΑΔΟΥ 8  &  ΙΠΠΟΚΡΑΤΟΥΣ,185 31,,
ΤΡΟΠΙΚΑΛ,"


1 Χλμ
",4,www.tropicalhotel.gr,info@tropicalhotel.gr,210-9813993/4,9882000,210-9846621,Καλαμάκι,ΛΕΩΦ.ΠΟΣΕΙΔΩΝΟΣ 74,174 55,,
ΤΩΝ ΡΟΔΩΝ,"


1 Χλμ
",2,www.desroses.gr,info@desroses.gr,210-8019952,210-8018025,210-8018074,Κηφισιά,ΜΙΛΤΙΑΔΟΥ 4,145 62,,
ΥΔΡΑ,"


0.1 Χλμ
",4,www.hydra-hotel.gr,info@hydra-hotel.gr,22980-53420,210-9494134,22980-29798,Ύδρα,ΒΟΥΛΓΑΡΗ 8,180 40,6972-071836,21-04580411
ΥΔΡΑΙΑ,,5,www.hydrea.gr,info@hydrea.gr,2298052920,6980596504,2298052620,Ύδρα,ΥΔΡΑ,180 40,,
ΥΔΡΟΥΣΑ,"


0.02 Χλμ
",3,www.hydroussahotel.gr,info@hydroussahotel.gr,22980-52400,,22980-52161,Ύδρα,,180 40,21-07210241,21-07215198
ΦΑΙΔΡΑ,"


1 Χλμ
",1,www.hotelphaedra.com,info@hotelphaedra.com,210-3238461,210-3223321,210-3227795,Αθήνα,ΧΑΙΡΕΦΩΝΤΟΣ 16,105 58,,
ΦΑΙΔΡΑ,"


0.15 Χλμ
",4,www.phaedrahotel.com,info@phaedrahotel.com,22980-53330,,22980-53342,Ύδρα,ΥΔΡΑ,180 40,,
ΦΑΡΟΣ,"


3 Χλμ
",2,,,22970-24294,22970-22218,,Αίγινα,ΠΑΛΗΟΠΥΡΓΟ,180 10,,
ΦΑΡΟΣ,"


0.1 Χλμ
",2,www.faroshotel.gr,faroshot@gmail.com,22980-72613,22980-72614,22980-72614,Σπέτσες,ΣΠΕΤΣΕΣ,180 50,2298-074042,
ΦΑΡΟΣ 1,"


0.25 Χλμ
",3,,christospamporisfaroshotel@gmail.com,210-4295171,,210-4295034,Πειραιάς,ΝΟΤΑΡΑ 140,185 36,,
ΦΑΡΟΣ ΙΙ,,2,,christospamporisfaroshotel@gmail.com,210-4282800,,210-4599787,Πειραιάς,ΚΟΛΟΚΟΤΡΩΝΗ 117,185 36,,
ΦΕΙΔΙΑΣ,"


0.1 Χλμ
",2,www.hotelphidias.gr,phidias@otenet.gr,210-4296160,210-4296480,210-4296251,Πειραιάς,ΚΟΥΝΤΟΥΡΙΩΤΟΥ 189,185 35,,
ΦΕΙΔΙΑΣ,"


2 Χλμ
",3,www.phidias.gr,phidias@kollfam.gr,210-3459511,210-3459512,210-3459082,Αθήνα,ΑΠΟΣΤ.ΠΑΥΛΟΥ 39-ΘΗΣΕΙΟ,118 51,,
ΦΕΝΙΞ ΓΚΟΛΦ,"


3.5 Χλμ
",4,www.fenix.gr,manager@fenix.gr,210-8914000,210-8914012,210-8914099,Γλυφάδα,ΑΡΤΕΜΙΣΙΟΥ 1-3,166 75,,
ΦΕΡΡΩΝ,"


1 Χλμ
",1,,largatzifotini@hotmail.com,210-8232083,210-8823207,,Αθήνα,ΦΕΡΡΩΝ 43,104 40,6993667751,
ΦΙΛΕΝΙΑ,"


0.1 Χλμ
",2,www.hydra.gr,filenia1@otenet.gr,22980-52537,6972-791983,,Ύδρα,,180 40,,
ΦΙΛΙΠΠΟΣ,"


3 Χλμ
",3,www.philipposhotel.gr,philippos@herodion.gr,210-9223611,210-9223614,210-9223615,Αθήνα,ΜΗΤΣΑΙΩΝ 3,117 42,,
ΦΙΛΙΠΠΟΣ,,2,,,22970-32238,,,Αγία Μαρίνα,ΑΓ.ΜΗΝΑ 185,180 10,21-05610179,
ΦΙΛΟΞΕΝΕΙΑ,"


0.7 Χλμ
",2,,,210-8828611,,,Αθήνα,ΑΧΑΡΝΩΝ 50,104 33,,
ΦΙΛΟΞΕΝΙΑ,"


7 Χλμ
",3,www.filoxenia-apartments.gr,info@filoxenia-apartments.gr,27360-33100,27360-33800,27360-33610,Αγία Πελαγία,ΑΓ.ΠΕΛΑΓΙΑ ΚΥΘΗΡΩΝ,802 00,2108986033,
ΦΙΛΥΡΑ ΔΙΑΚΟΠΕΣ,,2,,georgaeleni@yahoo.gr,27360-39017,,,Κύθηρα,ΑΓΙΑ ΠΕΛΑΓΙΑ ΚΥΘΗΡΩΝ,802 00,,
ΦΙΛΩΝ,"


0.3 Χλμ
",2,www.filonhotel.gr,info@filonhotel.gr,210-4293090,,,Πειραιάς,ΦΙΛΕΛΛΗΝΩΝ 11,185 36,,
ΦΛΟΙΣΒΟΣ,,2,,,22950-32480,22950-32483,,Μαρκόπουλο,Π.ΜΑΡΚΟΠΟΥΛΟΥ ΩΡΩΠΟΥ,190 15,,
ΦΛΟΙΣΒΟΣ,"


0.2 Χλμ
",1,,flisvoshotel@hotmail.com,22970-91264,22970-91010,,Μεγαλοχώρι-Αγκίστρι,ΜΕΓΑΛΟΧΩΡΙ,180 10,2297-091264,2297-091010
ΦΟΙΒΟΣ,"


1 Χλμ
",1,,hostelfivos@gmail.com,210-3226657,,210-3232812,Αθήνα,ΑΘΗΝΑΣ 23,105 54,,
ΦΟΙΒΟΣ,"


0.3 Χλμ
",2,www.feevoshotel.gr,info@hotel-delfini.com,210-4831272,210-4831273,,Μοσχάτο,ΚΑΝΑΡΗ 20,183 44,,
ΦΟΙΤΗΤΙΚΟ ΣΤΕΚΙ,"


1.5 Χλμ
",1,www.studenttravellersinn.com,info@studenttravellersinn.com,210-3244808,210-3248802,210-3210065,Αθήνα,ΚΥΔΑΘΗΝΑΙΩΝ 16,105 58,,
ΦΡΙΝΤΑ,"


2 Χλμ
",2,,rabadimi@gmail.com,210-6443324,210-6443297,210-6423568,Αθήνα,ΖΩΣΙΜΟΥ 2 & ΒΑΤΑΤΖΗ,114 72,,
ΧΑΠΙΜΑΓΚ ΑΘΗΝΑ,"


2 Χλμ
",2,www.hapimag.com,kosta.mountakis@hapimag.com,210-3259950,,210-3259951,Αθήνα,ΚΩΝΣΤΑΝΤΙΝΟΥ ΤΣΑΤΣΟΥ 12,105 58,6938219455,
ΧΕΡΙΤΕΪΤΖ ΧΙΛΛ,,4,,elias.grekis@hhhotel.gr,6973357880,,,Αθήνα,ΛΕΩΦ. ΣΥΓΓΡΟΥ 61,11745,,
ΧΙΛΙΑ ΟΚΤΑΚΟΣΙΑ ΟΓΔΟΝΤΑ (1880),,4,,evitakeh@gmail.com,6932-322255,,,Ύδρα,Δ.ΡΑΦΑΛΙΑ,180 40,,
ΧΙΛΤΟΝ ΑΘΗΝΩΝ,"


0.2 Χλμ
",5,www.athens.hilton.com,myrto.anagnostopoulou@ionianhe.gr,210-7281000,,210-7281111,Αθήνα,ΒΑΣ.ΣΟΦΙΑΣ 46,106 76,,
ΧΟΛΙΝΤΕΗ ΙΝΝ ΑΘΕΝΣ ΑΙΡΠΟΡΤ,"


4 Χλμ
",4,www.hiathens.com,info@hiathens.com,210-6689000,,210-6689500,Παιανία,40ΧΛΜ ΑΤΤΙΚΗΣ ΟΔΟΥ ΠΑΙΑΝΙ,190 02,,
ΧΟΛΙΝΤΕΗ ΣΟΥΙΤΕΣ,"


0.5 Χλμ
",4,www.holiday-suites.com,info@holiday-suites.com,210-7278500,,210-7278696,Αθήνα,ΑΡΝΗΣ 4 -ΙΛΙΣΙΑ,115 28,,
ΧΟΜΤΕΛ ΑΚΡΟΠΟΛΙΣ ΜΟΥΣΕΙΟ ΧΟΤΕΛ,"


2 Χλμ
",3,www.acropolismuseumhotel.com,info@acropolismuseumhotel.com,210-9249050,,210-9249052,Αθήνα,ΛΕΩΦ.ΣΥΓΓΡΟΥ 48,117 42,,
ΧΡΗΣΤΟΣ,"


3 Χλμ
",2,www.hotel-chris.gr,info@hotel-chris.gr,210-6204463,210-6204467,210-6254728,Κηφισιά,ΠΟΤΑΜΟΥ 6,145 64,,
ΧΡΙΣΤΙΑΝΑ,"


0.1 Χλμ
",2,,iliasfan@hotmail.com,210-5202176,,210-5202177,Αθήνα,ΣΩΚΡΑΤΟΥΣ 58,104 32,,
ΧΡΥΣΗ ΑΚΤΗ,"


2 Χλμ
",4,www.goldencoast.gr,info@goldencoast.gr,2294113062,2294113008,22941-13001,Μαραθώνας,ΠΑΡΑΛΙΑ ΜΑΡΑΘΩΝΑ,190 07,,
ΧΡΥΣΗ ΑΚΤΗ,"


8 Χλμ
",2,www.goldenbeachaegina.gr,goldxrisa@gmail.com,22970-52786,,22970-52786,Βαθύ,ΜΠΗΤΡΟΥ 61,180 10,,
ΧΡΥΣΗ ΘΕΑ,"


1.5 Χλμ
",2,www.goldenview.gr,info@goldenview.gr,22980-22277,,22980-22983,Πόρος,ΑΣΚΕΛΙ,180 20,2298-022277,
ΧΡΥΣΟ ΑΚΡΩΤΗΡΙΟΝ,"


1.5 Χλμ
",3,www.hotelcavodoro.gr,hotelcavodoro@yahoo.com,210-4113744,210-4122223,210-4122210,Πειραιάς,ΒΑΣ.ΠΑΥΛΟΥ 19,185 33,,
ΧΡΥΣΟΣ ΗΛΙΟΣ,"


0.5 Χλμ
",4,www.goldensun.gr,info@goldensun.gr,210-8981353,210-8981356,210-8981090,Γλυφάδα,ΛΕΩΦ.ΙΩΑΝΝΟΥ ΜΕΤΑΞΑ 72,166 74,,
ΧΡΥΣΟΥΣ ΑΙΩΝ,"


0.02 Χλμ
",4,www.hotelgoldenage.com,goldenage@hotelgoldenage.com,210-7240860,210-7240861,210-7213965,Αθήνα,ΜΙΧΑΛΑΚΟΠΟΥΛΟΥ 57,115 28,,
ΧΩΡΙΟ ΤΟΥ ΛΕΟΝΑΝΤΙ,"


10 Χλμ
",3,www.hotelleonanti.gr,info@hotelleonanti.gr,22940-56910,22940-55908,22940-55857,Σχινιάς,ΠΟΣΕΙΔΩΝΟΣ 200,190 07,21-08238640,21-08238409
ΩΡΑΙΑ ΘΕΑ,"


6 Χλμ
",2,,,210-2465027,210-2463713,,Αχαρνές,19 ΛΕΩΦΟΡΟΣ ΠΑΡΝΗΘΟΣ,136 71,,
ΩΡΙΩΝ,"


2 Χλμ
",2,www.orion-dryades.com,reservations@orion-dryades.com,210-3302388,2103302387,2103828575,Αθήνα,ΕΜΜ.ΜΠΕΝΑΚΗ 105,114 73,,
ΩΡΙΩΝ,"


0.5 Χλμ
",2,www.villaorionhotel.gr,ncs58ncs@gmail.com,+302108958000,,210-8958277,Βούλα,ΙΩΑΝ.ΜΕΤΑΞΑ 4,166 73,+302108958000,2108958277
ΩΧΡΑ & ΚΑΦΕ,"


1 Χλμ
",4,www.oandbhotel.com,info@oandbhotel.com,210-3312950,,210-3312942,Αθήνα,ΛΕΩΚΟΡΙΟΥ 7 ΘΗΣΕΙΟ,105 54,,
