Όνομα,Απόσταση από νοσοκομείο,Αστέρια,Ιστοσελίδα,E-Mail,Τηλέφωνο,Τηλέφωνο 2,Εναλλακτικό Τηλέφωνο,Αριθμός Φαξ,Εναλλακτικό Φαξ,Πόλη,Διεύθυνση,Ταχυδρομικός Κώδικας
ΑΓΓΕΛΙΚΗ,"


22 Χλμ
",2,www.hotel-angeliki.de,hotel_angeliki@hotmail.com,22730-95335,22730-39443,2273-039443,22730-95398,2273-095398,Ηραίο,ΗΡΑΙΟΝ ΣΑΜΟΥ,831 03
ΑΓΓΕΛΙΚΗ-ΧΡΙΣΤΙΝΑ,"


8 Χλμ
",2,,eprentas77@yahoo.ca,22730-92351,22730-92840,,22730-92589,,Κοκκάρι,ΚΟΚΚΑΡΙ ΣΑΜΟΥ,831 00
ΑΓΙΑ ΑΙΚΑΤΕΡΙΝΗ,,2,,gplast55@otenet.gr,2273062043,2273061774,2273080845,,,Πυθαγόρειο,,831 00
ΑΓΙΑ ΜΑΡΚΕΛΛΑ,"


3 Χλμ
",3,www.hotelagiamarkella.gr,markellatom@yahoo.gr,22710-93763,22710-93764,6937-448813,22710-93765,2271-093765,Βροντάδος,ΒΡΟΝΤΑΔΟΣ ΧΙΟΥ,822 00
ΑΓΙΑ ΣΙΩΝ,,2,,filsylagiasoton@hotmail.gr,22520-22242,,,22520-22242,,Αγιάσος,ΑΓΙΑΣΟΣ ΛΕΣΒΟΥ,811 01
ΑΓΙΑΖΙ,"


8.5 Χλμ
",3,www.agiazi.gr,agiazi.hotel@gmail.com,22710-32553,,6972710687,22710-32553,22710-32553,Χίος,Λ.ΚΑΛΒΟΚΟΡΕΣΗ 91,821 00
ΑΓΙΟΣ ΚΩΝΣΤΑΝΤΙΝΟΣ,"


10 Χλμ
",2,www.hotelagios.gr,info@hotelagios.gr,22730-94000,22730-94001,2273-094000/1,22730-94002,,Άγιος Κωνσταντίνος,ΑΓ.ΚΩΝ/ΝΟΣ ΣΑΜΟΥ,832 00
ΑΓΙΟΣ ΝΙΚΟΛΑΟΣ ΣΑΜΟΥ,"


10 Χλμ
",3,www.saintnicholas.gr,info@saintnicholas.gr,22730-25230,22730-25232,,22730-28522,,Ψιλή Άμμος,ΑΛΥΚΕΣ-ΜΥΚΑΛΗΣ ΒΑΘΕΩΣ ΣΑΜΟΥ,831 00
ΑΓΝΑΝΤΙ,"


1 Χλμ
",2,www.agnantihotel.gr,,22730-94087,22730-94088,,22730-94088,,Βουρλιώτες,ΚΑΜΠΟΣ ΒΟΥΡΛΙΩΤΩΝ,832 00
ΑΓΝΗ,"


16 Χλμ
",2,www.lesvosisland.gr,nirvanat@otenet.gr,22530-41740,22530-41991,6944-536881,22530-41740,2253-041992,Πέτρα,ΠΕΤΡΑ ΛΕΣΒΟΥ,811 03
ΑΔΑΜΑΝΤΙΑ,"


20 Χλμ
",2,www.adamantia.gr,adamant-@otenet.gr,22730-95288,,6977-991644,22730-95289,,Ηραίο,ΗΡΑΙΟ ΣΑΜΟΥ,831 03
ΑΔΩΝΙΣ,"


0.2 Χλμ
",2,http://www.greeknet.com/adonishotel/,adonishotel@gmail.com,22530-71866,22530-71616,2253-071060,22530-71636,,Μήθυμνα,ΜΗΘΥΜΝΑ ΛΕΣΒΟΥ,811 08
ΑΘΕΡΑΣ,"


0.1 Χλμ
",2,www.atherashotel.gr,info@atherashotel.gr,22750-31434,,2275-031434,22750-31926,2275-031926,Εύδηλος,ΕΥΔΗΛΟΣ ΙΚΑΡΙΑΣ,833 02
ΑΘΗΝΑ,"


0.3 Χλμ
",2,,h-athena@otenet.gr,22730-92030,,2273-092612,22730-92031,2273-092031,Κοκκάρι,ΚΟΚΚΑΡΙ ΣΑΜΟΥ,831 00
ΑΘΩΣ,"


0.2 Χλμ
",2,,,22730-61847,,2273-061847,,,Πυθαγόρειο,ΠΥΘΑΓΟΡΕΙΟ ΣΑΜΟΥ,831 03
ΑΪ ΓΙΑΝΝΗΣ,,3,www.aiyannishotel.gr,info@aiyannishotel.gr,22720-23578,,,22720-22153,,Καρδάμυλα,ΚΑΡΔΑΜΥΛΑ ΧΙΟΥ,823 00
ΑΙΓΑΙΟΝ,"


0.1 Χλμ
",3,www.aegeonhotel.gr,info@aegeonhotel.gr,22730-33466,35412/4,,22730-35413,,Νέο Καρλοβάσι,ΠΑΝΕΠΗΣΤΗΜΙΟΥ ΑΙΓΑΙΟΥ,832 00
ΑΙΓΑΙΟΝ,"


3 Χλμ
",3,www.aegeon-lesvos.gr,info@aegeon-lesvos.gr,22530-22309,22530-22827,,22530-22309,,Κεραμεία,,811 07
ΑΙΓΑΙΟΠΕΛΑΓΙΤΙΚΟΣ ΗΛΙΟΣ,"


1 Χλμ
",3,www.aegeansun.gr,info@aegeansun.gr,22520-31830/33,,6972-089820,22520-31829,,Άγιος Ισίδωρος,ΑΓ.ΙΣΙΔΩΡΟΣ ΛΕΣΒΟΥ,812 00
ΑΙΘΑΛΕΙΑ,,3,www.ethaleia.gr,info@ethaleia.gr,6944355755,,,,,Μούδρος,,814 01
ΑΙΟΛΙΚΗ ΓΗ,"


2 Χλμ
",4,www.aghotel.gr,info@aghotel.gr,22530-29990,22530-29992,2253-029990,22530-29993,,Σκάλα Καλλονής,,811 07
ΑΙΟΛΙΚΟ ΧΩΡΙΟ,"


4 Χλμ
",4,www.neilsonhellashotels.gr,aeolian.finance@neilson.com,22530-53585,,,22530-53795,,Σκάλα Ερεσού,ΣΚΑΛΑ ΕΡΕΣΟΥ ΛΕΣΒΟΥ,811 05
ΑΙΟΛΙΣ,"


0.5 Χλμ
",3,www.aeolis.gr,info@aeolis.gr,22730-28904,22730-28906,2273-028904,22730-28063,2273-028063,Σάμος,ΒΑΘΥ ΣΑΜΟΥ,831 00
ΑΙΟΛΙΣ,"


1.5 Χλμ
",3,www.belvedere-lesvos.gr,info@belvedere-lesvos.gr,22530-71974/5,,6947944800,22530-71773,,Μήθυμνα,ΜΗΘΥΜΝΑ ΛΕΣΒΟΥ (ΕΦΤΑΛΟΥ),811 08
ΑΙΟΛΟΣ,"


0.15 Χλμ
",2,,aiolossamos@gmail.com,22730-92218,,,,,Κοκκάρι,,831 00
ΑΙΠΟΣ,"


6.5 Χλμ
",3,,,22710-92266,,2271-092266,,,Βροντάδος,,822 00
ΑΚΛΕΙΔΙ,"


2 Χλμ
",3,www.aklidihotel.gr,info@aklidihotel.gr,2251044072,2251021964,,22510-44074,,Μυτιλήνη,ΕΥΑΓΓΕΛΙΣΤΡΙΑΣ 26,811 00
ΑΚΡΟΓΙΑΛΙ,"


2 Χλμ
",2,,akrogial@gmail.com,22520-33302,22520-31461,2252032811,akrogial@gmail.com,,Άγιος Ισίδωρος,ΑΓ.ΙΣΙΔΩΡΟΣ ΛΕΣΒΟΥ,812 00
ΑΚΤΑΙΟΝ,"


0.1 Χλμ
",1,,fkagialikou@yahoo.gr,22540-22258,22540-23942,,22540-24987,,Μύρινα,ΑΡΒΑΝΙΤΑΚΗ 2,814 00
ΑΚΤΗ,"


0.8 Χλμ
",3,www.akti-hotel.com,aktihtl@otenet.gr,22530-71801,22530-71465,2253-071625,22530-71359,2253-071997,Μήθυμνα,ΦΑΡΟΣ ΜΟΛΥΒΟΥ ΛΕΣΒΟΥ,811 08
ΑΚΤΗ ΑΓΡΙΛΙΩΝΑΣ,"


10 Χλμ
",2,,agrilionas_hotel@hotmail.com,22730-37379,,2273-037379,22730-37096,2273-037096,Μαραθόκαμπος,ΜΑΡΑΘΟΚΑΜΠΟΣ ΣΑΜΟΥ,831 02
ΑΚΤΗ ΑΦΡΟΔΙΤΗ,"


8 Χλμ
",3,www.aphroditehotel.gr,info@aphroditehotel.gr,2252061288,2252061588,2251021343,22520-61128,2252061128,Βατερά,ΒΡΙΣΑΣ,81300
ΑΚΤΗ ΒΟΤΣΑΛΑ,"


1.5 Χλμ
",2,https://pebblebeach.gr,info@pebblebeach.gr,22520-31651,22520-31601,2252-032826,22520-31566,2252-031566,Άγιος Ισίδωρος,ΑΓ.ΙΣΙΔΩΡΟΣ ΠΛΩΜΑΡΙΟΥ ΛΕΣΒΟΥ,812 00
ΑΚΤΗ ΓΑΓΓΟΥ,"


0.3 Χλμ
",3,www.samosbay.gr,manager@samosbay.gr,22730-80911,22730-80912,22730-87780,22730-87783,22730-87783,Βαθύ,ΓΑΓΓΟΥ- ΒΑΘΕΩΣ ΣΑΜΟΥ,831 00
ΑΚΤΗ ΓΛΥΚΟΡΙΖΑ,"


10 Χλμ
",2,www.glicorisa.com.gr,hotel@glicorisa.com.gr,22730-61500,22730-61321,2273061500,22730-61596,2273-061596,Πυθαγόρειο,ΠΥΘΑΓΟΡΕΙΟΝ ΣΑΜΟΥ,831 03
ΑΚΤΗ ΖΕΦΥΡΟΣ,"


10 Χλμ
",3,wwww.zefirosbeach.gr,zefirosbeach@yahoo.gr,22730-28532,22730-28533,,22730-25229,22730-25229,Βαθύ,ΒΑΘΥ,831 00
ΑΚΤΗ ΗΛΙΟΧΑΡΑΜΑ,"


0.1 Χλμ
",2,www.hotelsunrisebeach.com,saka1@otenet.gr,+306976681126,2273092447,2273-092382,2273092447,2273092447,Κοκκάρι,ΚΟΚΚΑΡΙ ΣΑΜΟΥ,831 00
ΑΚΤΗ ΗΡΑΙΟΥ,"


0.1 Χλμ
",2,,litsa_1981@yahoo.com,22730-95326,2273051683,2273-095387,22730-95248,2273-095248,Ηραίο,ΗΡΑΙΟ ΣΑΜΟΥ,831 03
ΑΚΤΗ ΚΑΣΤΡΟΥ,"


0.5 Χλμ
",3,,,22540-22772,,2254-022772,,2254-022784,Μύρινα,ΚΟΥΝΤΟΥΡΙΩΤΗ,814 00
ΑΚΤΗ ΚΟΚΚΑΡΙ,"


10 Χλμ
",3,www.kokkaribeach.com,karsas@otenet.gr,22730-92263,22730-92238,,22730-92381,,Κοκκάρι,ΚΟΚΚΑΡΙ ΣΑΜΟΥ,831 00
ΑΚΤΗ ΟΛΥΜΠΙΑ,"


10 Χλμ
",2,www.olympia-hotels.com,olympia@samedia.net,22730-92353,22730-92420,2273-028383,22730-92457,2273-022083,Κοκκάρι,ΚΟΚΚΑΡΙ ΣΑΜΟΥ,831 00
ΑΚΤΗ ΠΑΡΙΣ,"


3 Χλμ
",2,,parisamo@otenet.gr,2273095397,,2273-022762,2273095397,2273-095397,Ηραίο,,831 03
ΑΚΤΗ ΣΕΙΡΗΝΕΣ,,3,,sirenes.reception@xenodoxos.com,22730-24668,,,22730-25222,,Βαθύ,ΑΛΥΚΗ,831 00
ΑΚΤΗ ΤΑΒΑΡΙ,"


25 Χλμ
",3,,,22530-96208,22530-96533,210-6525709,,210-6525709,Ταβάρι,ΤΑΒΑΡΙ ΜΕΣΟΤΟΠΟΥ ΛΕΣΒΟΥ,811 05
ΑΛΕΞΑΝΔΡΑ,"


0.06 Χλμ
",1,,,22730-61429,,2273-061429,,,Πυθαγόρειο,ΛΥΚΟΥΡΓΟΥ 11,831 03
ΑΛΕΞΑΝΔΡΑ,"


6 Χλμ
",2,www.alexandrasamos.gr,alexandrasam1@hotmail.com,6974799018,2273037132,2273-030530-2,22730-37024,2273-030533,Κάμπος Μαραθοκάμπου,ΚΑΜΠΟΣ ΜΑΡΑΘΟΚΑΜΠΟΣ,831 02
ΑΛΚΥΩΝ,"


0.5 Χλμ
",2,www.alkyonsamos.gr,alkyonhotel@hotmail.com,22730-28814,22730-92766,2273-028814,22730-92457,2273-022083,Κοκκάρι,ΚΟΚΚΑΡΙ ΣΑΜΟΥ,831 00
ΑΛΚΥΩΝΗ,"


0.5 Χλμ
",2,,,22530-54260,,2253-054260,,,Σιγρί,,811 12
ΑΛΜΑ,"


0.8 Χλμ
",4,www.almahotel.gr,almalesv@otenet.gr,22530-41100,041691/2,,22530-41693,,Πέτρα,ΠΕΤΡΑ ΛΕΣΒΟΥ,811 09
ΑΛΜΥΡΑ,,2,www.almyra.scio.gr,info@almyra.gr,22710-82262,,2271022218,,2271022218,Καρφάς,ΔΗΜΟΣ ΑΓΙΟΥ ΜΗΝΑ ΚΑΡΦΑΣ ΧΙΟΥ,821 00
ΑΛΜΥΡΙΚΙ,,3,www.almiriki.gr,info@almiriki.gr,22710-73124,,,22710-73461,,Λιθίο,ΠΑΡΑΛΙΑ ΛΙΘΙΟΥ,821 02
ΑΜΑΝΤΑ,"


0.2 Χλμ
",3,,amanda@tsoukalas.de,22730-35230,22730-35231,2273-035230,22730-33454,2273-033454,Νέο Καρλοβάσι,ΟΡΜΟΣ ΚΑΡΛΟΒΑΣΙΟΥ ΣΑΜΟΥ,832 00
ΑΜΜΟΣ ΣΟΥΙΤΕΣ,,3,www.ammossuiteslimnos.gr,info@afroditi-villa.gr,2254029200,,,,,Παραλία Πλατέος,,81400
ΑΜΜΩΔΗΣ ΚΟΛΠΟΣ,"


2 Χλμ
",3,www.sandybay.gr,info@sandybay.gr,22520-32825,22520-32779,2252-031919,22520-32539,,Άγιος Ισίδωρος,,812 00
ΑΜΦΙΛΙΣΣΟΣ,"


10 Χλμ
",2,www.amfilissos.gr,info@amfilissos.gr,22730-36335,,6986700300,,,Μαραθόκαμπος,ΚΟΥΜΕΪΚΑ,831 02
ΑΜΦΙΤΡΙΤΗ,"


0.2 Χλμ
",3,www.amfitriti-hotel.com,amfitritimolivos@gmail.com,22530-71741,22530-71743,6947673641,22530-71744,2253071741,Μήθυμνα,ΜΗΘΥΜΝΑ ΛΕΣΒΟΥ,811 08
ΑΝΑΞΟΣ,"


1 Χλμ
",3,www.anaxoshotel.gr,hotelanaxos@hotmail.com,2253041219,,2253-022993,22530-41700,,Άναξος Σκουτάρου,ΑΝΑΞΟΣ ΣΚΟΥΤΑΡΟΣ ΛΕΣΒΟΥ,811 09
ΑΝΑΣΤΑΣΙΑ,"


20 Χλμ
",2,,,22510-94640,210-2315182,,,,Σκάλα Νέων Κυδωνιών,,811 00
ΑΝΑΣΤΑΣΙΑ ΒΙΛΑΤΖ,"


9 Χλμ
",3,www.anastasiavillage.gr,info.anastasia.village@gmail.com,22730-62422,,21-09819041,22730-87864,,Μεσόκαμπος,,831 00
ΑΝΑΤΟΛΗ,"


8 Χλμ
",2,www.sunrise-hotel-samos.com,info@sunrise-hotel-samos.com,22730-95369,22730-95382,2273-095369,22730-95362,2273-095362,Παγώνδας,,831 03
ΑΝΑΤΟΛΗ-ΣΑΝ ΡΑΙΖ,"


0.1 Χλμ
",3,www.chios-sunrise.gr,info@chios-sunrise.gr,2271032455,,2271025722,22710-31198,,Αγία Ερμιόνη,ΑΓ.ΕΡΜΙΟΝΗ ΘΥΜ.ΧΙΟΥ,821 00
ΑΝΔΡΟΜΕΔΑ,"


1 Χλμ
",2,www.hotelandromeda.gr,christoslychnaras@yahoo.com,22730-22925,,,22730-28566,,Σάμος,ΚΑΛΛΙΣΤΡΑΤΟΥΣ 107Α,831 00
ΑΝΕΜΑ,"


1.5 Χλμ
",2,www.anema.gr,info@anema.gr,22730-30500,,2273-030500,22730-30506,2273-030506,Νέο Καρλοβάσι,ΚΑΡΛΟΒΑΣΙ ΣΑΜΟΥ,832 00
ΑΝΘΕΜΙΣ,"


0.35 Χλμ
",3,www.samos-apartments.com,anthemis.apartments@gmail.com,22730-28060,22730-28050,2273-027527,22730-27761,2273-027527,Σάμος,ΚΑΛΛΙΣΤΡΑΤΟΥ 31,831 00
ΑΝΘΕΜΙΣ,"


3 Χλμ
",2,,nloukas@hotmail.com,22750-23156,22750-23377,,22750-23377,,Θέρμα,ΘΕΡΜΑ ΙΚΑΡΙΑΣ,833 00
ΑΝΘΕΜΟΥΣΑ,,1,,stantz1@otenet.gr,22730-61680,,,,,Ποτοκάκι,ΠΟΤΟΚΑΚΙ ΣΑΜΟΥ,831 03
ΑΝΘΟΥΣΑ,"


0.4 Χλμ
",2,,hotelanthousa@gmail.com,2273024423,,2273024423,2273025196,2273025196,Σάμος,ΓΡΗΓΟΡΙΟΥ Ε  03,83100
ΑΝΝΑ,"


0.5 Χλμ
",1,,,22750-22274,22750-22749,21-06469294,,,Άγιος Κήρυκος,ΔΙΟΝΥΣΟΥ 35,833 00
ΑΝΤΖΕΛΑ,"


8 Χλμ
",2,,eprentas77@yahoo.ca,22730-92351,,2273-092351,22730-92589,,Κοκκάρι,ΚΟΚΚΑΡΙ ΣΑΜΟΥ,831 00
ΑΝΤΩΝΙΟΣ,"


11 Χλμ
",2,,hotelantoniospythagorio@hotmail.gr,22730-61002,,2273-061002,22730-61681,2273-061681,Πυθαγόρειο,ΠΥΘΑΓΟΡΕΙΟ ΣΑΜΟΥ,831 03
ΑΠΟΛΛΩΝ,"


13 Χλμ
",2,www.apollon-samos.gr,apollon3@otenet.gr,2273061683,,2109349520,2273061682,,Πυθαγόρειο,ΓΛΥΦΑΔΑ,831 03
ΑΠΟΛΛΩΝ,,3,,vasilis.maidonis@gmail.com,2252031600,,,,,Πλωμάρι,,81200
ΑΠΟΛΛΩΝΙΑ ΜΠΕΗ,"


22 Χλμ
",2,www.hotel-apollonia-bay.eu,samy.tachteri3@gmail.com,22730-94444,,21-06741323,22730-94090,2273-094090,Άγιος Κωνσταντίνος,ΑΓ.ΚΩΝ/ΝΟΣ ΣΑΜΟΥ,832 00
ΑΡΓΕΝΤΙΚΟ,"


6 Χλμ
",5,www.argentikon.gr,argentikon@yahoo.com,2271044100,2271032875,,22710-31465,,Χίος,ΑΡΓΕΝΤΗ ΓΚΙΑΖΟΥ,821 00
ΑΡΓΩ,"


0.3 Χλμ
",1,,patsaxakis@yahoo.gr,22540-24910,,6948-342229,22540-24910,,Μύρινα,,814 00
ΑΡΗΣ,,2,,s7az@hotmail.com,22730-24191,,,,,Σάμος,6ΗΣ ΑΥΓΟΥΣΤΟΥ 22,831 00
ΑΡΙΑ,"


1 Χλμ
",1,www.hotelaria.gr,manager@hotelaria.gr,22730-87780,22730-87781,2273087780,22730-87783,2273087783,Σάμος,ΙΩΑΝΝΗ ΛΕΚΑΤΗ 8,831 00
ΑΡΙΑΔΝΗ,,2,,mmeletiadis@yahoo.gr,22710-62222,,,,,Βουνό,ΒΟΥΝΟ ΧΙΟΥ,821 02
ΑΡΙΣΒΗ,"


3 Χλμ
",2,,arisvi82@otenet.gr,22530-22456,,,22530-22486,,Καλλονή,,811 07
ΑΡΙΩΝ,"


1.5 Χλμ
",4,www.arion-hotel.com,arion@arion-hotel.gr,22730-92020,,2273-024246,22730-92006,2273-092006,Κοκκάρι,Τ.Θ.31,831 00
ΑΡΤΕΜΙΣ,"


0.8 Χλμ
",1,,arti-samos@hotmail.com,22730-27792,,,22730-27029,,Σάμος,ΚΟΝΤΑΞΗ 4,831 00
ΑΡΤΕΜΙΣ,"


0.7 Χλμ
",3,www.artemis-lemnos.gr,artemishotel@yahoo.gr,22540-24075,22540-24237,6946-799447,22540-24237,,Μύρινα,ΜΥΡΙΝΑ ΛΗΜΝΟΥ,814 00
ΑΡΧΙΠΕΛΑΓΟΣ,,1,,hotelarxipelagos@gmail.com,22530-61620,,,,,Πέδη,,811 04
ΑΡΧΙΠΕΛΑΓΟΣ,,3,www.archipelagoshotel.gr,info@archipelagoshotel.gr,22750-51250,,,22750-51078,,Φούρνοι,ΦΟΥΡΝΟΙ ΙΚΑΡΙΑΣ,834 00
ΑΡΧΟΝΤΙΚΟ,"


0.2 Χλμ
",3,www.arxontikohotel.gr,archonhot@gmail.com,22540-22230,22540-29800,,22540-24876,,Μύρινα,ΦΙΛΕΛΛΗΝΩΝ & ΣΤΑΧΤΟΥΡΗ,814 00
ΑΡΧΟΝΤΙΚΟ ΖΟΥΡΟΥ,"


0.15 Χλμ
",3,,,6977-718560,22530-41185,,,,Πέτρα,ΠΕΤΡΑ ΛΕΣΒΟΥ,811 09
ΑΡΧΟΝΤΙΚΟ ΠΕΤΡΑΣ 1821,"


17 Χλμ
",4,www.archontikopetras.gr,info@archontikopetras.gr,+302253041092,,+302251063173,,,Πέτρα,ΠΕΤΡΑ ΛΕΣΒΟΥ,811 09
ΑΡΧΟΝΤΙΚΟ ΡΙΖΙΚΟ,"


7 Χλμ
",4,www.chios-riziko.gr,info@chios-riziko.gr,22710-25863,22710-51717,,22710-30063,,Χίος,ΠΑΝΑΓΙΑ ΣΥΡΙΩΤΙΣΣΑ ΚΑΜΠΟΣ ΧΙΟΥ,821 00
ΑΡΧΟΝΤΙΚΟ ΤΣΙΚΑΡΗ,"


20 Χλμ
",3,,sissypats@gmail.com,22540-31701,6946095677,6946095677,,210-6994439,Βάρος,,814 00
ΑΡΩΜΑ ΜΑΣΤΙΧΑΣ,"


14 Χλμ
",2,www.aromamastihas.gr,lpiaggio@otenet.gr,22710-77374,,,22710-77318,,Άγιος Γεώργιος Συκούσης,,821 00
ΑΣΤΕΡΙ ΤΟΥ ΚΑΡΡΑ,"


6 Χλμ
",3,www.karrasstarhotel.gr,info@karrasstarhotel.gr,22750-71024,22750-71046,210-4329158,22750-71245,210-4329030,Φραντάτο,ΑΥΛΑΚΙ,833 02
ΑΣΤΕΡΙΑ,"


2 Χλμ
",2,www.starshotel.gr,info@starshotel.gr,22750-22095,6974-675537,2275-022095,22750-22096,,Θέρμα,ΘΕΡΜΑΙ ΙΚΑΡΙΑΣ,833 00
ΑΣΤΗΡ,"


0.75 Χλμ
",1,www.astirofsamos.com,info@astirofsamos.com,22730-33150,22730-30221,,22730-34074,,Νέο Καρλοβάσι,ΚΑΡΛΟΒΑΣΙ ΣΑΜΟΥ,832 00
ΑΣΤΡΑ ΒΙΛΛΑΤΖ,"


0.1 Χλμ
",2,www.astravillage.gr,astravil@otenet.gr,22730-61752,22730-62052,21-06749952,22730-62053,21-06749952,Πυθαγόρειο,ΑΓΙΟΥ ΦΑΝΟΥΡΙΟΥ,831 03
ΑΣΤΡΑΚΙΑ,"


8.8 Χλμ
",4,www.astrakia.gr,info@astrakia.gr,22710-31609,,6972-187630,22710-31788,,Χίος,ΕΙΡΗΝΗΣ ΠΑΪΔΟΥΣΗ,821 00
ΑΣΤΡΟΝ,"


0.5 Χλμ
",3,,gsiachos@otenet.gr,22540-24392,,2254-024392,22540-24396,2254-024396,Μύρινα,ΓΑΡΟΦΑΛYΔΗ 3,814 00
ΑΤΛΑΝΤΙΣ,"


0.1 Χλμ
",1,,,22730-94329,,2273-094329,,,Άγιος Κωνσταντίνος,ΑΓ. ΚΩΝ/ΝΟΣ ΣΑΜΟΥ,832 00
ΑΥΓΕΡΙΝΟΣ,,3,www.avgerinoshotel.gr,avgerinoshotel@gmail.com,22710-30170,6974394377,6974394377,2271030170,,Χίος,ΑΓΙΟΥ ΜΗΝΑ 17,821 00
ΑΥΓΩΝΥΜΑ ΟΛΕΣ ΤΙΣ ΕΠΟΧΕΣ,"


19 Χλμ
",2,www.avgonima.gr,info@avgonima.gr,6947-941810,,6947-941810,,,Αυγώνυμα,ΑΥΓΩΝΥΜΑ ΧΙΟΥ,822 00
ΑΥΛΑΚΙΑ,"


4 Χλμ
",2,www.hotel-avlakia.gr,avlakia@hotel-avlakia.gr,22730-94230,6946475898,2273-034972,22730-94230,210-4816188,Αυλάκια,ΑΥΛΑΚΙΑ ΣΑΜΟΥ,831 00
ΑΦΡΟΔΙΤΗ,"


1 Χλμ
",2,www.afrodite-lemnos.gr,afroditelemnos@otenet.gr,22540-23489,22540-23789,2254-024100,22540-22484,2254-022484,Μύρινα,ΜΥΡΙΝΑ ΛΗΜΝΟΥ,814 00
ΑΦΡΟΔΙΤΗ,"


1.5 Χλμ
",4,www.aphrodite-hotel-lesvos.com,vatis.hotel@gmail.com,6974393875,,2253-071705,22530-71724,2253-071724,Μήθυμνα,ΜΗΘΥΜΝΑ ΛΕΣΒΟΥ,811 08
ΑΦΡΟΔΙΤΗ – ΒΕΝΟΥΣ,"


0.2 Χλμ
",2,www.venus-hotel.com,hotelvenuskokkari@gmail.com,22730-92230,22730-92132,2273-092132,22730-92305,2273-092305,Κοκκάρι,ΚΟΚΚΑΡΙ ΣΑΜΟΥ,831 00
ΒΑΝΑ,,3,,hotelbana@hotmail.com,22510-51951,,,,,Πέραμα,,811 11
ΒΑΤΕΡΑ ΜΠΗΤΣ,"


5 Χλμ
",2,,hovatera@otenet.gr,22520-61212,22520-61165,2252-061212,22520-61164,2252-061164,Βατερά,ΒΑΤΕΡΑ ΛΕΣΒΟΥ,813 00
ΒΕΝΕΤΙΑ,"


0.01 Χλμ
",2,www.venetia-samos.com,venetia.samos@yahoo.gr,22730-95295,,2273-095295,22730-95243,2273-095243,Ηραίο,ΗΡΑΙΟΝ ΣΑΜΟΥ,831 03
ΒΙΒΑ ΜΑΡΕ,"


1.5 Χλμ
",4,www.alkaioshotel.gr,alkaios1@otenet.gr,2253072014,,6972444166,22530-72075,2253072075,Μήθυμνα,ΜΗΘΥΜΝΑ ΛΕΣΒΟΥ,811 08
ΒΙΚΥ Ι,"


2 Χλμ
",2,www.hotel-vicky.gr,info@hotel-vicky.gr,22520-32806,,2252-032406,22520-31383,2252-031383,Άγιος Ισίδωρος,ΑΓ.ΙΣΙΔΩΡΟΣ ΠΛΩΜ.ΛΕΣΒΟΥ,812 00
ΒΙΚΥ ΙΙ,"


2 Χλμ
",3,www.hotel-vicky.gr,info@hotel-vicky.gr,22520-32806,22520-33330,,22520-31383,,Άγιος Ισίδωρος,ΑΓΙΟΣ ΙΣΙΔΩΡΟΣ ΠΛΩΜΑΡΙΟΥ ΛΕΣΒΟΥ,812 00
ΒΙΚΥ ΙΙΙ,"


2 Χλμ
",3,www.hotel-vicky.gr,info@hotel-vicky.gr,22520-32806,22520-33330,,22520-31383,,Άγιος Ισίδωρος,,812 00
ΒΙΛΑ ΡΟΖΑ,,3,www.villarossachios.gr,info@villarossachios.gr,22710-40588,,,22710-40490,,Χίος,ΚΑΜΠΟΣ ΧΙΟΥ,821 00
ΒΙΛΛΑ ΑΦΡΟΔΙΤΗ,"


1 Χλμ
",2,www.afroditi-villa.gr,info@afroditi-villa.gr,22540-23141,22540-25032,21-09633488,22540-25031,21-09633488,Μύρινα,ΜΕΣΟΚΑΜΠΙΑ ΠΛΑΤΕΩΣ,814 00
ΒΙΛΛΑ ΕΡΜΟΓΕΝΗΣ,"


12 Χλμ
",2,,info@ermogenis.gr,22510-91187,22510-91440,2251-026577,,,Μυτιλήνη,ΑΛΚΑΙΟΥ 1,811 00
ΒΙΛΛΑ ΜΑΡΙΑ,"


0.2 Χλμ
",2,,villamariakokari@gmail.com,22730-92085,22730-92293,,22730-92096,,Κοκκάρι,,831 00
ΒΙΛΛΕΣ ΑΡΧΑΓΓΕΛΟΣ,"


0.25 Χλμ
",2,www.archangelosvillage.gr,archan@otenet.gr,22730-92135,22730-92200,2273-092114,22730-92820,2273-092820,Κοκκάρι,ΚΟΚΚΑΡΙ ΣΑΜΟΥ,831 00
ΒΙΡΓΙΝΙΑ,,3,www.virginia-hotel-samos.com,info@virginia-hotel-samos.com,22730-27819,,2273-028824,22730-23205,,Σάμος,ΣΑΜΟΣ,831 00
ΒΟΛΙΣΣΟΣ ΠΑΡΑΘΕΡΙΣΤΙΚΕΣ ΚΑΤΟΙΚΙΕΣ,"


1.85 Χλμ
",3,www.volissosholidayhomes.gr,info@volissosholidayhomes.gr,22740-21700,6932193375,6932-193375,22740-21770,2271-028582,Λιμιά,ΚΑΤΣΟΥΔΙ ΛΗΜΝΙΑ ΧΙΟΥ,822 03
ΒΟΤΣΑΛΑ,"


2 Χλμ
",2,www.votsalahotel.com,votsalah@otenet.gr,22510-71231,22510-71232,21-09338887,22510-71179,21-09338887,Παραλία Θερμής,,811 00
ΒΟΤΣΑΛΑΚΙΑ ΠΛΑΖ,,1,www.votsalakiahotel.gr,hotelvotsalakia@gmail.com,22730-37355,22730-37188,,22730-37189,,Μαραθόκαμπος,ΜΑΡΑΘΟΚΑΜΠΟΣ ΣΑΜΟΥ,831 02
ΒΟΥΝΟ ΧΩΡΙΟ ΔΙΑΜΕΡΙΣΜΑΤΑ,"


21 Χλμ
",3,www.vounovillage.gr,vounovillage@gmail.com,22710-61945,69460-26661,2271020138,22710-61945,2271040152,Βουνό,ΜΑΣΤΙΧΑΡΗΣ ΒΟΥΝΟ ΧΙΟΥ,821 00
ΓΑΛΑΖΙΑ ΘΑΛΑΣΣΑ,"


3 Χλμ
",3,www.bluesealesvos.gr,hbluesea1@hotmail.com,22510-23994,22510-23995,,22510-29656,,Μυτιλήνη,ΚΟΥΝΤΟΥΡΙΩΤΗ 91,811 00
ΓΑΛΑΖΙΑ ΝΕΡΑ,,2,,,22540-24403,,,,,Μύρινα,,814 00
ΓΑΛΑΖΙΟ ΑΣΤΕΡΙ  Ι,,2,www.bluestar-eresos.gr,info@bluestar-eresos.gr,22530-53779,22530-52200,,22510-43718,,Σκάλα Ερεσού,,811 05
ΓΑΛΑΖΙΟ ΑΣΤΕΡΙ ΝΟ 2,,2,,,22510-71777,,,22510-71080,,Παραλία Θερμής,ΘΕΡΜΗ ΜΥΤΙΛΗΝΗΣ,811 00
ΓΑΛΑΖΙΟ ΣΑΜΙΩΤΙΚΟ ΧΩΡΙΟ,,3,www.hydrelebeach.com,hydrele@sam.forthnet.gr,22730-61702,,,22730-61602,,Ποτοκάκι,ΠΟΤΟΚΑΚΙ ΣΑΜΟΥ,831 03
ΓΑΛΑΖΙΟΣ ΚΟΛΠΟΣ,"


4 Χλμ
",2,,info@bluebay-lesvos.com,22510-91000,22510-91468,2251-091000,22510-91004,2251-091004,Χαραμίδα,ΧΑΡΑΜΙΔΑ ΛΟΥΤΡΩΝ ΛΕΣΒΟΥ,811 00
ΓΑΛΑΖΙΟΣ ΟΥΡΑΝΟΣ,"


0.01 Χλμ
",3,https://blueskyhotel-lesvos.com/,avbluesky@hotmail.com,+30 6932662422,22530-41524,2253-042211,22530-42212,,Πέτρα,,811 09
ΓΑΛΗΝΗ,"


3 Χλμ
",1,,frosoxoriati@yahoo.com,22750-22530,2275110131,22750-22530,2272024059,2275024059,Θέρμα,,833 00
ΓΑΛΗΝΗ,"


0.2 Χλμ
",2,www.hotel-galinos.gr,hgalini@otenet.gr,6973491230,,2253053138,22530-53137,2253053137,Σκάλα Ερεσού,ΣΚΑΛΑ ΕΡΕΣΣΟΥ ΛΕΣΒΟΥ,811 05
ΓΕΩΡΓΙΟΣ,"


2 Χλμ
",2,,hotel.george.ikaria@gmail.com,22750-22517,,2275-023426,,,Θέρμα,ΘΕΡΜΑΙ ΙΚΑΡΙΑΣ,833 00
ΓΕΩΡΓΙΟΣ ΣΑΝΔΑΛΗΣ,"


0.2 Χλμ
",2,,sandalishotel@yahoo.gr,22730-61691,22730 61700,2273-061691,22730-61251,2273-061251,Πυθαγόρειο,ΠΥΘΑΓΟΡΕΙΟ ΣΑΜΟΥ,831 03
ΓΙΑΣΕΜΙ,,3,www.yasemi-chios.gr,info@yasemi-chios.gr,22740-21474,,,,,Χίος,ΧΡΙΣΤΟΣ ΒΟΛΙΣΣΟΥ,821 09
ΓΟΡΓΟΝΑ,"


2.5 Χλμ
",1,www.gorgonahotel.gr,info@gorgonahotel.gr,22530-55301,,2106232621,22530-55400,,Σκάλα Συκαμινέας,ΣΚΑΛΑ ΣΥΚΑΜΙΝΕΑΣ ΛΕΣΒΟΥ,811 04
ΔΑΙΔΑΛΟΣ,"


7 Χλμ
",2,www.daidaloshotel.gr,info@daidaloshotel.gr,22750-71390,22750-71392,,22750-71393,2275-071393,Αρμενιστής,ΑΡΜΕΝΙΣΤΗ ΙΚΑΡΙΑΣ,833 01
ΔΑΦΝΗ,"


0.8 Χλμ
",3,www.daphnehotel.gr,info@daphnehotel.gr,22730-94003,22730-94493,21-04113485,22730-94594,21-04177531,Άγιος Κωνσταντίνος,ΑΓ.ΚΩΝ/ΝΟΣ ΣΑΜΟΥ,832 00
ΔΕΛΦΙΝΙ,"


0.1 Χλμ
",2,,dolphinsamos@gmail.com,2273061205,,2273061205,2273061842,2273061842,Πυθαγόρειο,ΠΥΘΑΓΟΡΕΙΟ ΣΑΜΟΥ,831 03
ΔΕΛΦΙΝΙΑ 1,"


1.3 Χλμ
",3,www.hoteldelfinia.com,info@hoteldelfinia.com,22530-71315,22530-71502,,22530-71524,,Μήθυμνα,ΜΗΘΥΜΝΑ ΛΕΣΒΟΥ,811 08
ΔΕΥΚΑΛΙΩΝ,"


16 Χλμ
",2,http://www.hoteldefkalion.com/,hoteldefkalion@hotmail.com,22530-41904,,,22530-42214,,Πέτρα,ΠΕΤΡΑ ΛΕΣΒΟΥ,811 09
ΔΙΑΜΑΝΤΙΔΗΣ,"


0.1 Χλμ
",3,www.hoteldiamantidis.gr,info@hoteldiamantidis.gr,22540-24002,22540 22397,,22540-23187,,Μύρινα,ΜΥΡΙΝΑ ΛΗΜΝΟΥ,814 00
ΔΙΑΝΑ,"


2 Χλμ
",2,www.diana-hotel-chios.gr,info@diana-hotel-chios.gr,22710-44180,22710-24656,,22710-26748,,Χίος,ΕΛΕΥΘΕΡΙΟΥ ΒΕΝΙΖΕΛΟΥ 92,821 00
ΔΟΡΥΣΣΑ ΠΑΡΑΘΑΛΑΣΣΙΟ ΘΕΡΕΤΡΟ,"


15 Χλμ
",5,www.doryssabay.gr,doryssa@otenet.gr,22730-88300,88314,2273-088314,22730-61463,2273-061463,Πυθαγόρειο,ΠΥΘΑΓΟΡΕΙΟ ΣΑΜΟΥ,831 03
ΕΒΓΑΤΗΣ,"


7 Χλμ
",3,www.hotel-evgatis.gr,evgatis@otenet.gr,22540-51700,22540-24508,2254-024508,22540-51702,,Κοντιάς,ΠΑΡΑΛΙΑ ΕΒΓΑΤΗΣ,814 00
ΕΒΕΛΙΝ,"


0.8 Χλμ
",2,,info@evelinhotel.gr,22730-61124,22730-61077,2273-061124,22730-61077,2273-061077,Πυθαγόρειο,ΓΛΥΦΑΔΑ ΠΥΘΑΓΟΡΕΙΟΥ ΣΑΜΟΥ,831 03
ΕΙΡΗΝΗ,"


8 Χλμ
",2,www.vatera-lesvos.com,irinihtl@otenet.gr,22520-61407,22520-61409,6944-461118,22520-61410,2252-061410,Βατερά,ΒΑΤΕΡΑ ΛΕΣΒΟΥ,813 00
ΕΛ ΚΟΡΑΛ-ΚΟΡΑΛΙ,"


2 Χλμ
",2,,el-coral@otenet.gr,22730-61604,,2273-023626,22730-61919,2273-061919,Ποτοκάκι,ΠΟΤΟΚΑΚΙ ΣΑΜΟΥ,831 00
ΕΛΑΙΟΤΡΙΒΕΙΟ,"


20 Χλμ
",3,www.olivepresshotel.gr,reservations@olivepresshotel.gr,22530-72020,,2253-071205,22530-71647,,Μήθυμνα,ΜΗΘΥΜΝΑ ΛΕΣΒΟΥ,811 08
ΕΛΑΙΟΤΡΙΒΕΙΟ ΙΙ,"


20 Χλμ
",3,www.olivepress-hotel.com,panatria@les.forthnet.gr,22530-71205,,2253-071205,22530-71647,2253-071647,Μήθυμνα,ΜΗΘΥΜΝΑ ΛΕΣΒΟΥ,811 08
ΕΛΕΝ,"


0.2 Χλμ
",2,,tsakalof1@yahoo.gr,22730-28215,22730-22886,2273-023353,22730-22866,,Βαθύ,ΓΡΑΜΜΟΥ ΚΑΤΣΟΥΝΗ 2,831 00
ΕΛΕΝΑ,"


2 Χλμ
",2,,,22510-94023,69770-42621,210-9625475,,,Λουτρόπολη Θερμής,ΞΑΜΠΕΛΙΑ,811 00
ΕΛΕΝΗ-ΓΙΟΛΑΝΤΑ,"


12 Χλμ
",2,,elvako.ae@gmail.com,2273092025,6932425517,,2273092025,,Κοκκάρι,ΛΕΜΟΝΑΚΙΑ ΚΟΚΚΑΡΙΟΥ ΣΑΜΟΥ,831 00
ΕΛΙΣΙΟΝ,"


5 Χλμ
",5,www.elysion.gr,info@elysion.gr,22510-61531,22510-61532,,22510-61294,,Νεάπολη,ΝΕΑΠΟΛΗ ΛΕΣΒΟΥ,811 00
ΕΛΛΗΝΙΚΟ ΚΑΣΤΡΟ,"


2 Χλμ
",4,www.greciancastle.gr,info@greciancastle.gr,22710-44740,22710-44741,,22710-44052,,Χίος,ΛΕΩΦ.ΕΝΩΣΕΩΣ,821 00
ΕΜΙΛΥ,"


0.3 Χλμ
",2,,emilyhotel@hotmail.com,22730-24691,22730-24692,,22730-24692,,Βαθύ,ΒΑΘΥ ΣΑΜΟΥ,831 00
ΕΝΝΕΑ ΜΟΥΣΕΣ,"


16 Χλμ
",2,www.9musses.gr,9musses@gmail.com,22510-94209,210-9342214,6947-402632,22510-94209,21-09342214,Σκάλα Μιστεγνών,ΠΑΡΑΛΙΑ ΜΥΣΤΕΓΝΩΝ ΛΕΣΒΟΥ,811 00
ΕΡΑΤΩ,"


2 Χλμ
",2,www.eratohotel.gr,info@eratohotel.gr,22730-38188,22730-89450,2273-033833,22730-34585,2273-033700,Νέο Καρλοβάσι,ΚΑΡΛΟΒΑΣΙ ΣΑΜΟΥ,832 00
ΕΡΙΦΥΛΛΗ,"


1.2 Χλμ
",3,http://eriphillyhotel-molivos.com,xdoulgeris@gmail.com,6937391137,22530-71831,2253-071088,22530-71818,,Μήθυμνα,,811 08
ΕΡΜΗΣ,"


0.1 Χλμ
",2,,hermeshotelmolivos@gmail.com,22530-71250,22530-72050,2253-071250,22530-72050,,Μήθυμνα,ΜΗΘΥΜΝΑ ΛΕΣΒΟΥ,811 08
ΕΡΥΘΑ,"


7 Χλμ
",4,www.erytha.gr,erytha@erytha.gr,2271032311,2107298800,2271032311,2271032182,2271032182,Καρφάς,ΚΑΡΦΑΣ ΧΙΟΥ,821 00
ΕΡΩΦΙΛΗ ΜΠΗΤΣ,"


5 Χλμ
",3,www.erofili.gr,info@erofili.gr,22730-71058,22730-71059,,22730-71483,,Αρμενιστής,ΑΡΜΕΝΙΣΤΗ ΙΚΑΡΙΑΣ,833 01
ΕΣΠΕΡΙΑ,"


1 Χλμ
",2,,hesperiahotelsamos@gmail.com,22730-30706,22730-30708,2273-089410,22730-30707,2273-089419,Νέο Καρλοβάσι,ΚΑΡΛΟΒΑΣΙ ΣΑΜΟΥ,832 00
ΕΣΠΕΡΙΔΕΣ,"


4 Χλμ
",2,,info@chiosxenia.com,22710-51691,6947990064,2271-033371,22710-51691,,Νεοχώρι,ΑΓ.ΦΩΤΕΙΝΗ-ΝΕΟΧΩΡΙΟ ΧΙΟΥ,821 00
ΕΥΔΟΞΙΑ,"


3 Χλμ
",1,www.evdoxia.gr,sofia@evdoxia.gr,22750-31502,22750-31571,,22750-31571,,Εύδηλος,ΕΥΔΗΛΟΣ ΙΚΑΡΙΑΣ,833 02
ΕΥΡΥΠΥΛΗ,"


0.6 Χλμ
",1,,,22730-61834,,2273-061075,,,Πυθαγόρειο,,831 03
ΕΦΤΑΛΟΥ,"


1.5 Χλμ
",2,www.eftalouhotel.com,info@eftalouhotel.com,22530-71584,22530-71670,,22530-71669,,Μήθυμνα,ΜΗΘΥΜΝΑ ΛΕΣΒΟΥ,811 08
ΖΑΙΡΑ,"


7 Χλμ
",1,www.hotel-zaira.gr,info.zaira@gmail.com,22510-91100,22510-91188,2251-091188,22510-91100,,Σκάλα Λουτρών,ΣΚΑΛΑ ΛΟΥΤΡΩΝ-ΜΥΤΙΛΗΝΗ,811 00
ΖΕΥΣ,,3,,zeussa@otenet.gr,2273095373,,,,,Πυθαγόρειο,,83103
ΖΕΦΥΡΟΣ,"


13 Χλμ
",2,,,22730-62346,22730-62190,2273-091540,,2273-091674,Πυθαγόρειο,ΠΥΘΑΓΟΡΕΙΟ ΣΑΜΟΥ,831 03
ΖΟΡΜΠΑΣ,"


0.1 Χλμ
",2,www.zorbas-samos.com,info@zorbas-samos.com,22730-61009,22730-61012,2273-034984,22730-61012,2273-034984,Πυθαγόρειο,,831 03
ΗΛΙΟΒΑΣΙΛΕΜΑ,"


0.8 Χλμ
",2,www.sunset.gr,info@sunset.gr,22530-41003,,2253-041003,22530-41880,2253-041880,Πέτρα,,811 09
ΗΛΙΟΒΑΣΙΛΕΜΑ,"


6 Χλμ
",1,www.sunsetlemnos.gr,info@sunsetapartments.gr,22540-61555,22540-61593,2254-061593,22540-61555,2554-061555,Κάσπακας,ΚΑΣΠΑΚΑ ΛΗΜΝΟΥ,814 00
ΗΛΙΟΛΟΥΣΤΟ ΧΩΡΙΟ,"


10 Χλμ
",3,www.sunvillagehotel-chios.com,sunvillagegr@yahoo.gr,22710-32401,22710-32402,2271-032401,22710-32400,,Θυμιανά,ΘΥΜΙΑΝΑ ΧΙΟΥ,821 00
ΗΛΙΟΣ,"


1.5 Χλμ
",2,www.samosun.com,samossun@otenet.gr,22730-61365,,2273-061365,22730-61587,2273-061587,Πυθαγόρειο,ΠΥΘΑΓΟΡΕΙΟΝ ΣΑΜΟΥ,831 03
ΗΛΙΟΣ & ΘΑΛΑΣΣΑ,,3,www.sunseahotel.gr,info@sunseahotel.gr,22530-42642,,6944747117,,,Πέτρα,,811 09
ΗΛΙΟΣ ΣΑΜΟΥ,"


1.5 Χλμ
",3,www.samosun.com,samossun@otenet.gr,22730-61791,22730 61365,2273-061791,22730-62118,2273-062118,Πυθαγόρειο,ΠΥΘΑΓΟΡΕΙΟ ΣΑΜΟΥ,831 03
ΗΛΙΟΤΡΟΠΙΟ,"


2 Χλμ
",4,www.heliotrope.gr,info@heliotropehotels.gr,22510-45857,22510-44466,22510-45857,22510-44272,,Βαρειά,ΒΙΓΛΑ ΜΥΤΙΛΗΝΗΣ,811 00
ΗΛΙΟΤΡΟΠΙΟ ΙΙ,"


2.5 Χλμ
",4,www.heliotropehotels.gr,info@heliotropehotels.gr,22510-45857,,6976-974600,22510-45900,,Βαρειά,ΒΙΓΛΑ ΒΑΡΕΙΑΣ ΜΥΤΙΛΗΝΗΣ,811 00
ΗΛΙΟΧΑΡΑΜΑ ΘΕΡΕΤΡΟ,"


1.5 Χλμ
",5,www.sunrisehotel-lesvos.com,sunrisemolivos@gmail.com,22530-71735,22530-71779,2253-071735,22530-71791,2253-071791,Μήθυμνα,ΜΗΘΥΜΝΑ ΛΕΣΒΟΥ,811 08
ΗΡΑ,"


0.1 Χλμ
",2,www.hera2hotel.gr,herasamos@hotmail.com,22730-61319,22730-61428,2273-061319,22730-61196,2273-061196,Πυθαγόρειο,ΠΥΘΑΓΟΡΕΙΟ ΣΑΜΟΥ,831 03
ΗΡΑ 2,"


0.2 Χλμ
",2,www.hera2hotel.gr,herasamos@hotmail.com,22730-61879,22730-61319,2273-061319,22730-61196,2273-061196,Πυθαγόρειο,ΠΥΘΑΓΟΡΕΙΟΝ ΣΑΜΟΥ,831 03
ΗΡΩ,"


3 Χλμ
",2,,iromikro@gmail.com,22710-51166,22710-32826,21-06823813,210-6820524,,Παραλία Αγίας Φωτεινής,ΑΓ.ΦΩΤΕΙΝΗ ΝΕΟΧΩΡΙΟΥ ΧΙΟΥ,821 00
ΗΦΑΙΣΤΟΣ,"


1 Χλμ
",2,www.ifestoshotel.gr,info@ifestoshotel.gr,22540-24960,2254022950,2254-023958,22540-23623,2254-023623,Μύρινα,ΜΥΡΙΝΑ ΛΗΜΝΟΥ,814 00
ΘΑΛΑΣΣΙΟ ΑΛΟΓΟ,"


0.5 Χλμ
",2,www.seahorse-hotel.com,tekes@otenet.gr,22530-71320,22530-71630,2253-072033,22530-71374,,Μήθυμνα,ΜΗΘΥΜΝΑ ΛΕΣΒΟΥ,811 08
ΘΑΛΙΝΑ,"


5 Χλμ
",3,www.thalina.gr,thalina_samos@yahoo.gr,22730-31304,,2273-031304,22730-37276,,Κάμπος Μαραθοκάμπου,,831 02
ΘΕΟΔΩΡΑ,,2,,rener.kitsli@gmail.com,22530-41353,22530-41770,,,,Πέτρα,,811 09
ΘΕΟΦΙΛΟΣ,"


20 Χλμ
",3,www.theofiloshotel.gr,info@theofiloshotel.gr,22530-41080,,2253-041284,22530-41493,2253-041493,Πέτρα,ΠΕΤΡΑ ΛΕΣΒΟΥ,811 09
ΘΕΟΦΙΛΟΣ ΠΑΡΑΝΤΑΪΣ ΜΠΟΥΤΙΚ,"


0.5 Χλμ
",4,www.theofilosparadise.gr,info@theofilosparadise.gr,22510-43300,22510-48699,,22510-48999,,Μυτιλήνη,ΣΚΡΑ 7,811 00
ΘΕΟΦΙΛΟΣ ΣΟΥΠΕΡΙΟΡ,,4,www.theofiloshotel.gr,info@theofilos-superior.gr,2253041080,2253041046,,2253041493,,Πέτρα,,81109
ΘΕΡΕΤΡΟ ΘΕΑ ΘΑΛΑΣΣΑ,"


9 Χλμ
",4,www.seaviewresorts-chios.gr,info@seaviewresorts-chios.gr,22710-33354,22710-33355,,22710-31004,,Καρφάς,ΚΑΡΦΑΣ ΧΙΟΥ,821 00
ΙΑΝΘΗ,"


5 Χλμ
",3,www.hotelianthe.com.gr,ianthevessa@yahoo.gr,22710-73080,210 8030195,210-8030195,,210-6130881,Βέσσα,ΒΕΣΣΑ ΧΙΟΥ,821 02
ΙΑΣΩΝ,"


28 Χλμ
",2,chiosgiosonas.gr,info@chiosgiosonas.gr,22720-23688,22710-82262,2271-022218,22710-22218,2271-022218,Καρδάμυλα,ΚΑΡΔΑΜΥΛΑ ΧΙΟΥ,821 00
ΙΚΑΡΙΟΝ,,1,,ikarionhotel@yahoo.gr,22750-22481,,21-08611982,22750-23400,,Θέρμα,,833 00
ΙΚΑΡΟΣ ΣΤΑΡ,"


50 Χλμ
",2,www.ikarosstar.gr,hotel@ikarosstar.gr,22750-71266,22750-71213,,22750-71267,,Γιαλισκάρι,ΓΙΑΛΙΣΚΑΡΙ ΡΑΧΩΝ ΙΚΑΡΙΑΣ,833 01
ΙΛΙΟΝ,"


0.2 Χλμ
",2,www.uti.gr/ilion.htm,ilion@uti.gr,22530-41227,22530-41327,2253-041227,22530-41260,2253-041260,Πέτρα,ΠΕΤΡΑ ΛΕΣΒΟΥ,811 09
ΙΜΕΡΤΗ,"


3 Χλμ
",3,www.imerti.gr,info@imerti.gr,22530-28028,22530-22708,210-9941047,22530-22708,,Καλλονή,ΣΚΑΛΑ ΚΑΛΛΟΝΗΣ ΛΕΣΒΟΥ,811 07
ΙΝΩ,"


0.4 Χλμ
",3,www.inovillagehotel.com,info@inovillagehotel.com,2273023241,,,,,Σάμος,ΚΑΛΑΜΙ ΣΑΜΟΥ,831 00
ΙΡΙΣ,"


0.8 Χλμ
",1,www.villa-iris.gr,info@villa-iris.gr,22530-71933,22530-72103,,22530-72205,,Μήθυμνα,,811 08
ΚΑΒΟΣ ΜΠΑΙΗ,"


6 Χλμ
",3,www.cavosbay.com.gr,drigas@gmail.com,6976689977,22750-71383,2114011373,22750-71380,,Αρμενιστής,ΑΡΜΕΝΙΣΤΗ ΙΚΑΡΙΑΣ,833 01
ΚΑΓΚΟΥΡΩ,,2,www.kangaroohotel.gr,panatria@les.forthnet.gr,22530-71662,22530-71663,,22530-71092,,Μήθυμνα,ΜΗΘΥΜΝΑ ΛΕΣΒΟΥ,811 08
ΚΑΛΗΔΩΝ ΠΑΝΟΡΑΜΑ,"


1 Χλμ
",3,www.kalidon.gr,info@kalidon.gr,22730-92444,,2273-092444,22730-92573,2273-092573,Κοκκάρι,ΚΟΚΚΑΡΙ ΣΑΜΟΥ,831 00
ΚΑΛΛΙΟΠΗ,"


3 Χλμ
",3,,,22710-76331,6973202325,6973202325,,,Ολύμποι,,821 02
ΚΑΛΛΟΝΗ ΚΟΛΠΟΣ,"


4 Χλμ
",3,www.kalloni-bay.com,info@kalloni-bay.com,22530-23334/7,,,22530-23386,,Καλλονή,ΣΚΑΛΑ ΚΑΛΛΟΝΗΣ ΛΕΣΒΟΥ,811 07
ΚΑΛΥΔΩΝ,,2,,info@kalidon.gr,22730-92605,,,22730-92608,,Κοκκάρι,ΚΟΚΚΑΡΙ ΣΑΜΟΥ,831 00
ΚΑΜΠΟΣ ΒΙΛΛΑΤΖ ΡΕΖΟΡΤ,"


0.5 Χλμ
",3,www.kamposvillage.gr,reservations@kamposvillage.gr,22730-37185,22730-38356,6979-806983,22730-37581,,Κάμπος Μαραθοκάμπου,,831 02
ΚΑΡΑΤΖΑΣ,"


9 Χλμ
",1,,nikos_karatzas@yahoo.gr,22720-31180,,2272-031180,22710-31510,,Καρφάς,ΚΑΡΦΑΣ ΘΥΜΙΑΝΩΝ,821 00
ΚΑΡΔΑΜΥΛΑ,"


2 Χλμ
",2,,kyma@chi.forthnet.gr,22720-23353,22710-44500,2271-044500,22720-23354,2271-044600,Καρδάμυλα,ΚΑΡΔΑΜΥΛΑ ΧΙΟΥ,823 00
ΚΑΣΤΡΟ,"


1 Χλμ
",2,https://ikariakastro.com,info@ikariakastro.com,22750-23480,22750-23770,,22750-23700,,Άγιος Κήρυκος,,833 00
ΚΑΤΕΡΙΝΑ,"


1 Χλμ
",2,,hotelkaterina@hotmail.com,22730-61963,,2273-061963,22730-91096,,Ποτοκάκι,ΠΟΤΟΚΑΚΙ ΣΑΜΟΥ,831 03
ΚΑΤΩ ΓΙΑΛΟΣ,"


0.1 Χλμ
",1,,anna.sk2612@hotmail.com,22740-61178,,,22740-61178,,Ψαρά,,821 04
ΚΕΔΡΟΣ,"


8 Χλμ
",2,,hotelkedros@gmail.com,22730-28560,22730-80088,21-09619416,2273023785,,Βαθύ,ΚΕΔΡΟ,831 00
ΚΕΡΑΜΕ,"


0.2 Χλμ
",2,www.keramehotel.gr,info@keramehotel.gr,22750-31434,22750-31426,2275-031434,22750-31926,2275-031926,Εύδηλος,,833 02
ΚΕΡΚΗΣ ΜΠΕΙ,"


2 Χλμ
",3,www.kerkisbayhotel.com,info@kerkisbayhotel.com,22730-37202,22730-37373,2273-037202,22730-37372,2273-037372,Μαραθόκαμπος,ΜΑΡΑΘΟΚΑΜΠΟΣ ΣΑΜΟΥ,831 02
ΚΛΑΡΑ ΡΙΖΟΡΤ,"


17 Χλμ
",3,www.clarahotel.gr,clara@otenet.gr,22530-41532,22530-41534,2251-025069,22530-41535,2251-047319,Πέτρα,ΑΥΛΑΚΙ ΠΕΤΡΑΣ ΛΕΣΒΟΥ,811 09
ΚΟΛΠΟΣ ΛΙΜΝΙΩΝΑΣ,"


5 Χλμ
",2,,info@hotel-limnionas-bay-village.gr,22730-37057,,,22730-32220,,Μαραθόκαμπος,ΜΑΡΑΘΟΚΑΜΠΟΣ ΣΑΜΟΥ,851 02
ΚΟΛΠΟΣ ΜΑΡΙΤΣΑΣ,"


12 Χλμ
",3,,maritsa-bay-hotel@hotmail.com,22730-61016,22730-62213,2273-061491,22730-61933,,Πυθαγόρειο,ΓΛΥΚΟΡΙΖΑ,831 03
ΚΟΡΑΛΙ,"


2 Χλμ
",1,www.coralhotelplomari.gr,info@coralhotelplomari.gr,22520-33339,,21-05063404,22520-33339,,Πλωμάρι,ΠΛΩΜΑΡΙ ΛΕΣΒΟΥ,812 00
ΚΟΥΡΟΣ,"


0.8 Χλμ
",2,www.greek-tourism.gr/samos/kourosbay-hotel,kourobay@otenet.gr,22730-61611,22730-62671,2273-061300,22730-61610,2273-061610,Πυθαγόρειο,ΠΥΘΑΓΟΡΕΙΟ ΣΑΜΟΥ,831 03
ΚΟΧΥΛΙ,"


20 Χλμ
",1,www.hotel-cohyli.com,hotel.cohyli@gmail.com,22730-95282,22730-95225,2273-095282,22730-95282,,Ηραίο,ΗΡΑΙΟΝ ΣΑΜΟΥ,831 03
ΚΡΙΤΩΝ,"


1 Χλμ
",2,,kritonsamos@gmail.com,22730-23156,22730-27581,2273-023156,22730-24815,,Σάμος,ΜΥΚΑΛΗΣ 40,831 00
ΚΤΗΜΑ ΚΑΛΑΡΩΝΗ,"


6 Χλμ
",4,,,22710-28659,,,,,Χίος,ΚΑΜΠΟΣ ΧΙΟΥ,821 00
ΚΥΒΕΛΗ,"


3 Χλμ
",4,www.fegoudakis.com,info@kyvelihotel.gr,22710-94300,22710-94302,21-03616718,22710-94303,21-03616730,Βροντάδος,ΜΥΚΙΑΔΩΝ 14,822 00
ΚΥΜΑ,"


2 Χλμ
",2,,kyma@chi.forthnet.gr,22710-44500,,,22710-44600,,Χίος,Ν.ΠΡΟΚΥΜΑΙΑ,821 00
ΚΥΜΑ,,2,,hotelkyma@yahoo.gr,22530-53555,,,22530-53556,,Σκάλα Ερεσού,,811 00
ΚΥΜΑ,,3,https://kymahotel.gr,samos@kymahotel.gr,22730-31800,22730-37133,,2273037588,,Μαραθόκαμπος,,831 02
ΛΑΙΜΟΣ,"


0.1 Χλμ
",2,www.llsamoshotels.com,hotellemos@gmail.com,22730-92250,22730-92207,,22730-92334,,Κοκκάρι,,831 00
ΛΑΜΠΙΤΩ,"


10 Χλμ
",2,www.labito.gr,labito1@otenet.gr,22730-61086,22730-61087,2273-061086,22730-61085,2273-061085,Πυθαγόρειο,ΠΥΘΑΓΟΡΕΙΟ ΣΑΜΟΥ,831 03
ΛΑΜΠΙΤΩ 2,"


0.3 Χλμ
",2,www.labito.gr,labito1@otenet.gr,22730-61086,22730-61087,2273-061086,22730-61085,2273-061085,Πυθαγόρειο,,831 03
ΛΑΣΙΑ,"


5 Χλμ
",3,www.lasiahotel.gr,lasia123@otenet.gr,22510-61642,22510-61643,,22510-61663,,Νεάπολη,ΝΕΑΠΟΛΗ ΛΕΣΒΟΥ,811 00
ΛΑΣΙΑ,"


0.9 Χλμ
",3,www.lassia.gr,info@lassia.gr,22530-41414,22530-41744,2253-041414,22530-41921,2253-041921,Πέτρα,,811 09
ΛΕΝΟΞ,,2,,,22730-61709,,,22730-61709,,Πυθαγόρειο,ΠΥΘΑΓΟΡΕΙΟ ΣΑΜΟΥ,831 03
ΛΕΣΒΙΟΝ,"


1 Χλμ
",3,www.lesvion.gr,lesvion@otenet.gr,22510-28177,22510-22037,2251-024343,22510-42493,2251042493,Μυτιλήνη,Π. ΚΟΥΝΤΟΥΡΙΩΤΟΥ 27,811 00
ΛΕΣΒΟΣ ΙΝΝ,"


0.5 Χλμ
",3,www.lesvosinn.gr,info@lesvosinn.gr,22510-71781,22510-71784,6936-693823,22510-71711,,Πύργοι Θερμής,ΠΥΡΓΟΙ ΘΕΡΜΗΣ ΛΕΣΒΟΥ,811 00
ΛΗΔΑ,"


16 Χλμ
",3,www.lidamary.gr,stsekouras@hotmail.com,22710-76217,6976629668,21-09602515,22710-76217,21-09602515,Μεστά,ΚΡΙ-ΚΡΙ ΜΕΣΤΑ,821 02
ΛΗΔΑ ΙΙ,"


1 Χλμ
",3,www.leda.gr,ledabiotravel@live.com,22520-32507,,6974-490146,22520-32507,,Πλωμάρι,ΠΛΩΜΑΡΙ ΛΕΣΒΟΥ,812 00
ΛΗΔΡΑ ΣΑΜΟΣ,"


25 Χλμ
",2,www.ledrasamoshotel.gr,savaspe@yahoo.gr,22730-37505,22730 37535,21-06520492,22730-37535,21-06536651,Μαραθόκαμπος,ΜΑΡΑΘΟΚΑΜΠΟΣ ΣΑΜΟΥ,831 02
ΛΗΜΝΙΑ ΓΗ,"


0.2 Χλμ
",2,,leopapad@otenet.gr,22540-24928,,,22540-24927,,Μύρινα,ΜΥΡΙΝΑ ΛΗΜΝΟΥ,814 00
ΛΗΜΝΙΑΚΟ ΧΩΡΙΟ,"


2.5 Χλμ
",5,www.lemnosvillagehotel.com,info@lemnosvillagehotel.com,22540-23500,22540-23468,21-06130766,22540-23255,21-06138090,Πλατύ,ΠΛΑΤΥ ΛΗΜΝΟΥ,814 00
ΛΗΜΝΟΣ,"


0.3 Χλμ
",2,www.lemnoshotel.com,lemnos_hotel@yahoo.gr,22540-22153,22540-24023,,22540-23329,,Μύρινα,,814 00
ΛΙΘΟΣ,"


0.3 Χλμ
",2,www.kasteli.gr,info@kasteli.gr,22730-61728,6942-487024,21-06527039,22730-61863,,Πυθαγόρειο,ΠΥΘΑΓΟΡΕΙΟ ΣΑΜΟΥ,831 03
ΛΙΘΟΣ,"


0.5 Χλμ
",4,www.lithoschios.gr,info@lithoschios.gr,22740-22200,6936-690185,,22740-22201,,Βολισσός,ΒΟΛΙΣΣΟΣ ΧΙΟΥ,821 00
ΛΥΜΠΕΡΗ,"


1 Χλμ
",2,,libe_rob@hotmail.com,22540-23352,22540-23676,21-09830690,22540-23676,,Μύρινα,ΜΥΡΙΝΑ ΛΗΜΝΟΥ,814 00
ΛΩΡΙΕΤ,"


2 Χλμ
",2,www.loriet-hotel.com,info@loriet-hotel.com,22510-43111,,2253-043111,,2253-041629,Βαρειά,ΒΑΡΕΙΑ ΜΥΤΙΛΗΝΗΣ ΛΕΣΒΟΥ,811 00
ΜΑΙΡΗ,"


15 Χλμ
",3,www.lidamary.gr,info@lidamary.gr,2271076217,6976629668,21-09602515,22710-76217,21-09602515,Μεστά,ΛΕΙΒΑΔΙ,821 02
ΜΑΙΡΗ,"


0.5 Χλμ
",2,www.hotel-mary-samos.gr,hotelmarysamos@gmail.com,+306932525432,,6932-525432,22730-89621,,Κάμπος Μαραθοκάμπου,ΚΑΜΠΟΣ ΜΑΡΑΘΟΚΑΜΠΟΥ ΣΑΜΟΥ,831 02
ΜΑΚΡΗΣ,"


1 Χλμ
",1,,,22730-22675,,,22730-22675,,Σάμος,ΣΟΦΟΥΛΗ 247,831 00
ΜΑΛΕΜΙ,"


4 Χλμ
",3,,malemi@otenet.gr,22530-22594,,6979-228375,22530-22838,,Καλλονή,ΣΚΑΛΑ ΚΑΛΛΟΝΗΣ ΛΕΣΒΟΥ,811 07
ΜΑΝΤΙΛΑΔΑ,"


8 Χλμ
",3,www.mandilada.gr,info@mandilada.gr,22730-36205,,22730-36370,22730-36205,22730-36205,Κουμαίικα,ΚΟΥΜΕΙΚΑ ΜΑΡΑΘΟΚΑΜΠΟΥ ΣΑΜΟΥ,831 02
ΜΑΝΤΩ,"


0.1 Χλμ
",2,,genny_typer@hotmail.com,2273037450,6934300733,6971-540916,22730-38300,,Μαραθόκαμπος,,831 02
ΜΑΡΙΑ,"


0.5 Χλμ
",1,,mxaritou12@gmail.com,22710-32751,,2271-031069,,,Αγία Ερμιόνη,,821 00
ΜΑΡΙΑ-ΕΛΕΝΑ,,1,www.mariaelena.gr,marelena@otenet.gr,22750-22835,,,2275022223,,Άγιος Κήρυκος,ΑΓΙΟΣ ΚΗΡΥΚΟΣ ΙΚΑΡΙΑΣ,833 00
ΜΑΡΙΛΕΝΑ,"


1.5 Χλμ
",3,http://hotelmarilena-molivos-gr.webnode.gr/,marilenahotel.molivos@gmail.com,22531-10206,,,,,Μήθυμνα,ΜΗΘΥΜΝΑ ΛΕΣΒΟΥ,811 08
ΜΑΡΙΝΑ,"


2 Χλμ
",3,www.marina-hotel.gr,info@marina-hotel.gr,22750-22188,6981001808,6944-530301,211-2686505,21-06470717,Θέρμα,ΘΕΡΜΑ ΑΓ.ΚΗΡΥΚΟΣ ΙΚΑΡΙΑΣ,833 00
ΜΑΡΙΟΝΑ,,2,,gplast55@otenet.gr,22730-61210,,,,,Πυθαγόρειο,ΠΥΘΑΓΟΡΕΙΟ ΣΑΜΟΥ,831 03
ΜΑΣΚΩΤ,"


0.2 Χλμ
",1,,mascoteresos@hotmail.com,22530-53520,22530-53990,2253-052140,22530-52002,2253-052002,Σκάλα Ερεσού,ΣΚΑΛΑ ΕΡΕΣΟΥ ΛΕΣΒΟΥ,811 05
ΜΑΣΤΙΧΑΚΙ,,3,,elisadio72@yahoo.gr,210-8228540,6977-741272,,,,Έξω Διδύμα,,821 02
ΜΑΤΙΝΑ,"


0.15 Χλμ
",2,www.matina-hotel.gr,hotel_matina_ireon@hotmail.com,22730-95223,22730-95430,2273-033647,22730-95430,2273-032239,Ηραίο,ΗΡΑΙΟ ΣΑΜΟΥ,831 03
ΜΕΔΟΥΣΑ,"


0.3 Χλμ
",1,www.medousahotel.gr,medousahotel.samos@hotmail.com,22730-23501,22730-23502,2273-023501,22730-23502,,Σάμος,ΛΕΩΦ.ΘΕΜ.ΣΟΦΟΥΛΗ 25,831 00
ΜΕΡΟΠΗ,"


0.1 Χλμ
",3,www.hotelmerope.gr,info@hotelmerope.gr,22730-32510,22730-32650,2273-032406,22730-32652,2273-032652,Νέο Καρλοβάσι,ΔΗΜΑΡΧΟΥ ΚΥΡΙΑΚΟΥ,832 00
ΜΕΣΑΙΩΝΙΚΟ ΚΑΣΤΡΟ,"


0.1 Χλμ
",3,www.mcsuites.gr,info@mcsuites.gr,22710-76345,69770-71734,,22710-76025,,Μεστά,,821 02
ΜΕΣΑΚΤΗ ΒΙΛΛΑΤΖ,"


1.5 Χλμ
",3,,,22750-71331,210-6219222,21-06219112,22750-71330,21-06216684,Άγιος Πολύκαρπος,ΜΕΣΑΚΤΗ ΡΑΧΩΝ ΙΚΑΡΙΑΣ,833 01
ΜΕΣΤΑ ΜΑΣΤΙΚ,,3,Www.messtamaatic.com,jennyprogaki@hotmail.com,2271076009,6937333734,,,,Μεστά,,82102
ΜΙΧΑΗΛΙΑ,"


0.2 Χλμ
",2,http://michaeliahotel.com,,22530-41731,22530-41732,21-02853932,,21-02853932,Πέτρα,ΠΕΤΡΑ ΛΕΣΒΟΥ,811 09
ΜΟΛΥΒΟΣ 1,"


0.3 Χλμ
",3,www.molyvos-hotels.com,info@molyvos-hotels.com,22530-71496,22530-71556,21-07702376,22530-71640,21-07709292,Μήθυμνα,ΜΗΘΥΜΝΑ ΛΕΣΒΟΥ,811 08
ΜΟΛΥΒΟΣ 2,"


3.5 Χλμ
",3,www.molyvos-hotels.com,info@molyvos-hotels.com,22530-71534,71512,21-07702376,22530-71694,21-07709292,Ευθαλού,ΕΥΘΑΛΟΥ ΜΗΘΥΜΝΑΣ ΛΕΣΒΟΥ,811 08
ΜΟΡΦΟΥΛΑ,,1,www.kozanitis-vatera.gr,info@kozanitis-vatera.gr,22520-61586,,,,,Βατερά,,811 00
ΜΟΥΖΑΛΙΚΟ,"


0.5 Χλμ
",3,www.mouzalikohotel.gr,info@mouzalikohotel.gr,22710-31624,,2271031624,,,Χίος,ΚΑΜΠΟΣ ΧΙΟΥ,821 00
ΜΠΕΛΒΕΝΤΕΡΕ,"


0.15 Χλμ
",2,www.belvedere-samos.com,info@belvedere-samos.com,22730-61218,,,,,Πυθαγόρειο,ΑΙΣΩΠΟΥ 6,831 03
ΜΠΛΟΥ ΣΤΑΙΛ ΡΙΖΟΡΤ,"


1 Χλμ
",4,https://bluestyleresort.gr,reception@bluestyleresort.gr,22730-28428,22730-28429,,22730-23108,22730-61602,Σάμος,ΑΚΤΗ ΓΑΓΓΟΥ,831 00
ΜΠΟΝΖΑΙ,"


10 Χλμ
",2,,,6946613163,,6946613163,2110119960,,Ποτοκάκι,ΠΟΤΟΚΑΚΙ ΣΑΜΟΥ,831 00
ΜΠΟΝΗ,"


0.5 Χλμ
",2,,bonisj@otenet.gr,22730-28790,22730-23706,,22730-22501,,Βαθύ,ΒΑΘΥ ΣΑΜΟΥ,831 00
ΜΥΚΑΛΗ,"


1.5 Χλμ
",2,www.mykalihotel.com,mykali@otenet.gr,22730-61110,22730-61884,,22730-61945,,Πυθαγόρειο,ΠΥΘΑΓΟΡΕΙΟ ΣΑΜΟΥ,831 03
ΜΥΡΙΝΗ,"


0.1 Χλμ
",3,www.mirini.com,mirinihotel@mirini.com,22730-28452,,6977-743947,22730-27762,2273-027762,Σάμος,ΚΑΛΑΜΙ ΣΑΜΟΥ,831 00
ΜΥΡΣΙΝΗ,"


2.5 Χλμ
",2,www.mirsinihotel.com,mirsinihotel@yahoo.com,22520-33730,22520-32498,22520-32526,22520-33510,22520-33510,Άγιος Ισίδωρος,,812 00
ΜΥΤΙΛΑΝΑ ΧΩΡΙΟ,"


6 Χλμ
",3,www.mytilanavillage.gr,mytilana@otenet.gr,2251020653,2251026572,6944-800500,22510-26572,2251-026572,Μυτιλήνη,{ΘΕΡΜΑ ΚΟΛΠΟΥ ΓΕΡΑΣ},811 00
ΝΑΥΤΙΛΟΣ,,3,www.hotelnaftilos.gr,info@hotelnaftilos.gr,22730-62744,2273062745,,22730-62745,,Πυθαγόρειο,ΠΟΥΝΤΕΣ,831 03
ΝΕΑ ΙΩΝΙΑ,"


2 Χλμ
",2,,elekalog87@yahoo.gr,22730-61449,,2273-028470,22730-62083,,Πυθαγόρειο,ΕΠΑΡΧΙΑΚΗ ΟΔΟΣ ΠΥΘΑΓΟΡΕΙΟΥ ΧΩΡΑΣ,831 03
ΝΕΦΕΛΗ,"


1 Χλμ
",3,www.nefeli-lemnos.gr,kostaseystratiou@gmail.com,6944305235,22540-22825,6973-667489,22540-24041,,Μύρινα,ΜΥΡΙΝΑ ΛΗΜΝΟΥ,814 00
ΝΕΦΕΛΗ,"


0.6 Χλμ
",2,www.hotelnepheli.com,hotelnepheli@gmail.com,22730-34000,22730-34001,2273-033000,22730-34002,,Νέο Καρλοβάσι,ΚΑΡΛΟΒΑΣΙ ΣΑΜΟΥ,832 00
ΝΕΦΕΛΗ,"


2 Χλμ
",3,http://nefelihotel.blogspot.gr/,nefelihotelikaria@yahoo.gr,22750-22282,6932-631505,2275022929,22750-22029,,Θέρμα,ΘΕΡΜΑΙ ΙΚΑΡΙΑΣ,833 00
ΝΟΤΗΣ,"


0.1 Χλμ
",2,-,notishotel@yahoo.com,22730-22722,,,,,Σάμος,ΛΕΩΦΟΡΟΣ ΚΑΛΛΙΣΤΡΑΤΟΥ 15,831 00
ΝΤΙΝΑ,"


2.5 Χλμ
",2,,lagada4@windowslive.com,22540-25815,6976576227,,22540-29290,,Πλατύ,ΠΛΑΤΥ ΛΗΜΝΟΥ,814 00
ΝΤΟΡΥΣΣΑ ΜΠΟΥΤΙΚ ΧΟΤΕΛ,,3,www.doryssaboutique.gr,manager@doryssaboutique.gr,2273062218,,,2273061463,,Σάμος,,83103
ΝΥΦΙΔΑ,"


4 Χλμ
",3,www.nifidabeach.gr,info@nifidabeach.gr,22520-41841,,2252-041068,22520-42266,2252-042266,Νυφίδα,,813 00
ΟΔΥΣΣΕΑΣ,"


1 Χλμ
",2,,ody3pa@otenet.gr,22730-27848,,2273-023186,22730-23185,,Σάμος,ΒΛΑΜΑΡΗΣ 35,831 00
ΟΙΝΟΗ,"


3 Χλμ
",2,,philipx73@gmail.com,22750-23159,22750-23010,2275-023159,22750-23159,2275-023159,Θέρμα,ΘΕΡΜΑ ΙΚΑΡΙΑΣ,833 00
ΟΛΥΜΠΙΑ ΒΙΛΛΑΖ,"


10 Χλμ
",3,www.olympia-hotels.gr,olympia@samedia.net,22730-92420,22730-92324,2273-028383,22730-92457,2273-022083,Κοκκάρι,ΚΟΚΚΑΡΙ ΣΑΜΟΥ,831 00
ΟΛΥΜΠΙΑΔΑ,"


0.2 Χλμ
",1,,,22730-61490,,2273-061490,22730-61490,,Πυθαγόρειο,ΠΥΘΑΓΟΡΕΙΟ ΣΑΜΟΥ,831 03
ΟΛΥΜΠΟΙ,"


6 Χλμ
",3,,natassastrachini@gmail.com,22710-69095,,,22710-42519,,Ολύμποι,,821 02
ΟΜΗΡΟΣ,"


7 Χλμ
",1,,balim@otenet.gr,22520-61444,22520-61486,,,,Βρίσα,,813 00
ΟΜΟΡΦΗ ΘΕΑ,"


2 Χλμ
",3,www.bellavistahotel-molivos.com,info@bellavistahotel-molivos.com,22530-71545,22530-71679,21-06818512,22530-72257,,Ευθαλού,ΕΥΘΑΛΟΥ ΜΗΘΥΜΝΑΣ ΛΕΣΒΟΥ,811 08
ΟΝΕΙΡΟ ΤΟΥ ΑΙΓΑΙΟΥ,,4,www.aegeandream.eu,info@aegeandream.eu,22710-33471,,,,,Καρφάς,ΚΑΡΦΑΣ ΧΙΟΥ,821 00
ΟΡΑΜΑ,"


1 Χλμ
",2,,oramahotelsigri@yahoo.gr,22530-54226,,,22530-54450,,Σιγρί,,811 12
ΟΡΜΟΣ ΑΡΜΟΝΙΑ,"


2.5 Χλμ
",3,www.armoniabay.com,hotel@armoniabay.com,22730-92279,,21-06542018,22730-92583,21-06542018,Κοκκάρι,ΘΕΣΗ ΤΣΑΜΑΔΟΥ,831 00
ΟΡΜΟΣ ΕΜΠΟΡΙΟΣ,"


5 Χλμ
",3,www.emporiosbay.gr,info@emporiosbay.gr,22710-70180,2271070182,2271-020160,,,Εμπορειός,,821 02
ΟΡΦΕΑΣ,"


1 Χλμ
",2,www.orfeas-hotel.com,info@orfeas-hotel.com,22510-28523,22510-43466,,22510-21930,,Μυτιλήνη,ΚΑΛΣΑΚΟΥΛΗ ΚΙΟΣΚΙ 3,811 00
ΟΥΑΝ,"


30 Χλμ
",2,www.arethousa-hotel.gr,areth1@otenet.gr,22730-61616,,22730-27744,22730-62004,22730-62004,Ποτοκάκι,ΠΟΤΟΚΑΚΙ ΣΑΜΟΥ,831 03
ΠΑΛΜ ΜΠΙΤΣ,"


0.5 Χλμ
",2,,gianna_gr_2001@hotmail.com,22730-92300,,2273-092300,2730-92300,,Κοκκάρι,ΚΟΚΚΑΡΙ ΣΑΜΟΥ,831 00
ΠΑΝΘΕΟΝ,"


3 Χλμ
",3,www.pan-theon.gr,info@pan-theon.gr,22730-37296,,,22730-37296,,Όρμος Μαραθοκάμπου,ΟΡΜΟΣ ΜΑΡΑΘΟΚΑΜΠΟΥ ΣΑΜΟΥ,831 02
ΠΑΝΟΡΑΜΑ,"


50 Χλμ
",3,www.panoramahotel-lesvos.com,info@panoramahotel-lesvos.com,2253041543,2253041792,2253041543,22530-41792,2253041792,Πέτρα,ΠΕΤΡΑ ΛΕΣΒΟΥ,811 09
ΠΑΝΣΕΛΗΝΟΣ,"


2.5 Χλμ
",3,www.panselinoshotel.gr,samarigr@otenet.gr,22530-71905-6,2253072320,251-028589,22530-71904,251-027410,Μήθυμνα,ΜΗΘΥΜΝΑ ΛΕΣΒΟΥ (ΕΦΤΑΛΟΥ),811 00
ΠΑΡΑΔΕΙΣΟΣ,"


1.2 Χλμ
",2,www.samosparadise.gr,samosparadise@otenet.gr,22730-23911,6936-974801,2273-023911,22730-28754,2273-028754,Σάμος,ΣΑΜΟΣ,831 00
ΠΑΡΑΛΙΑ ΤΑΡΣΑΝΑΣ,"


0.15 Χλμ
",2,www.samos-travel.com/tarsanas,tarsanas@yahoo.gr,22730-92582,,6973-395998,22730-92582,,Κοκκάρι,ΚΟΚΚΑΡΙ ΣΑΜΟΥ,831 00
ΠΑΡΙΣ,"


0.1 Χλμ
",1,,parisamo@otenet.gr,2273095397,,2273-095397,22730-95397,2273-095397,Πυθαγόρειο,ΠΥΘΑΓΟΡΕΙΟΝ ΣΑΜΟΥ,831 03
ΠΑΣΙΦΑΗ,"


3 Χλμ
",3,www.pasiphae.gr,info@pasiphae.gr,22530-23212,22530-23213,6946-842010,22530-23154,2253-023154,Καλλονή,ΛΙΜΝΕΣ,811 07
ΠΕΛΑΓΟΣ,,2,,,22730-37006,,,,,Κάμπος Μαραθοκάμπου,ΚΑΜΠΟΣ ΜΑΡΑΘΟΚ. ΣΑΜΟΥ,831 02
ΠΕΛΛΑ,"


3 Χλμ
",2,www.pelahotel.gr,info@pelahotel.gr,22530-22201,22530-29301,,22530-23530,,Καλλονή,ΣΚΑΛΑ ΚΑΛΛΟΝΗΣ ΛΕΣΒΟΥ,811 07
ΠΕΡΛ ΜΠΕΪ,,3,www.pearlbay.gr,info@pearlbay.gr,22710-94510,,,,,Βροντάδος,ΒΡΟΝΤΑΔΟΣ ΔΑΣΚΑΛΟΠΕΤΡΑ ΧΙΟΥ,822 00
ΠΕΡΛΕΑΣ,"


10 Χλμ
",4,www.perleas.gr,info@perleas.gr,22710-32217,32962,6946952553,22710-32364,,Χίος,ΚΑΜΠΟΣ ΧΙΟΥ,821 00
ΠΕΤΑΛΙΔΙ,"


3 Χλμ
",2,www.hotelpetalidi.gr,info@hotelpetalidi.gr,6979075775,,,22510-94595,,Μιστεγνά,ΜΥΣΤΕΓΝΑ ΛΕΣΒΟΥ,811 00
ΠΗΓΑΣΟΣ,"


0.1 Χλμ
",2,pegasus-hotel-samos.gr,pegasuspythagorion@gmail.com,22730-61455,22730-62663,6978161284,22730-61688,2273061688,Πυθαγόρειο,ΠΥΘΑΓΟΡΕΙΟ ΣΑΜΟΥ,831 03
ΠΛΑΖΑ,"


3 Χλμ
",3,www.plazalesvos.com,plazapalace1@yahoo.gr,22530-42111,,2253-092366,22530-42114,,Άναξος Σκουτάρου,,811 09
ΠΛΑΤΥ ΜΠΗΤΣ,"


2.6 Χλμ
",3,www.platybeach.com,platybeach@gmail.com,22540-23583,,,22540-23635,,Πλατύ,ΠΛΑΤΥ ΛΗΜΝΟΥ,814 00
ΠΟΛΥΚΡΑΤΗΣ,"


0.05 Χλμ
",2,,hotelpolycrates@gmail.com,22730-61398,,2273-061398,22730-62700,2273-062700,Πυθαγόρειο,ΠΥΘΑΓΟΡΕΙΟΝ ΣΑΜΟΥ,831 03
ΠΟΛΥΞΕΝΗ,"


0.1 Χλμ
",2,www.polyxenihotel.com,info@polyxenihotel.com,22730-61590,,6973-425166,22730-61359,2273-061359,Πυθαγόρειο,ΠΥΘΑΓΟΡΕΙΟΝ ΣΑΜΟΥ,831 03
ΠΟΡΤΟ ΛΕΣΒΟΣ,"


2 Χλμ
",4,www.portolesvos.gr,portolesvos@yahoo.gr,22510-41771,2251037172,,22510-43179,,Μυτιλήνη,ΚΟΜΝΗΝΑΚΗ 21,811 00
ΠΟΡΤΟ ΜΥΡΙΝΑ ΠΑΛΛΑΣ,"


2 Χλμ
",5,www.neilsonhellashotels.gr,limnos.financedept@neilsonresorts.com,22540-24805,,,22540-24858,,Μύρινα,ΜΥΡΙΝΑ ΛΗΜΝΟΥ,814 00
ΠΟΡΤΟ ΠΛΑΖΑ,,4,,info@portoplaza.gr,22540-62101,,,,,Μύρινα,ΑΓΙΟΣ ΙΩΑΝΝΗΣ-ΚΑΣΠΑΚΑΣ,814 00
ΠΟΣΕΙΔΩΝ,"


0.3 Χλμ
",2,,adonishotel@gmail.com,22530-71981,,2253-071570,,,Μήθυμνα,,811 08
ΠΟΣΕΙΔΩΝ,"


7 Χλμ
",1,www.poseidon-kokkari.gr,info@poseidon-kokkari.gr,22730-92384,,,,,Κοκκάρι,ΚΟΚΚΑΡΙ ΣΑΜΟΥ,831 00
ΠΟΣΕΙΔΩΝ,,1,www.poseidonlemnos.gr,info@poseidonlemnos.gr,22540-23982,,,22540-24856,,Μύρινα,ΣΟΦΟΚΛΕΟΥΣ 14,814 00
ΠΟΣΕΙΔΩΝΙΟΝ,"


6 Χλμ
",2,,contact@kemen.gr,22710-32241,22710-31727,6993543347,22710-31727,22710-31727,Καρφάς,ΚΑΡΦΑΣ ΧΙΟΥ,821 00
ΠΡΙΓΚΗΠΙΣΣΑ,"


3 Χλμ
",2,www.princess-studios.gr,hotel@princess-studios.gr,22510-61624,22510-61646,6977-785202,22510-61444,,Νεάπολη,ΝΕΑΠΟΛΗ ΜΥΤΙΛΗΝΗΣ,811 00
ΠΡΙΓΚΙΠΙΣΣΑ ΡΙΒΙΕΡΑ ΘΕΡΕΤΡΟ,"


12.5 Χλμ
",3,www.princessa.gr,hotel@princessa.gr,2273062451,2273062452,2273-062451,2273062453,2273-062453,Πυθαγόρειο,ΠΥΘΑΓΟΡΕΙΟΝ ΣΑΜΟΥ,831 03
ΠΡΩΙΝΟ ΑΣΤΕΡΙ,"


3 Χλμ
",3,www.morningstar.γρ,m-star@otenet.gr,22710-41398,22710-41827,,22710-28934,,Χίος,ΚΟΝΤΑΡΙ ΧΙΟΥ,821 00
ΠΡΩΤΕΑΣ,"


11 Χλμ
",5,www.proteasbluresort.gr,nathanasiou@proteasbluresort.gr,22730-62200,22730-62200,6947-424384,22730-62620,,Πυθαγόρειο,ΠΥΘΑΓΟΡΕΙΟ ΣΑΜΟΥ,831 03
ΠΥΘΑΓΟΡΑΣ,"


0.06 Χλμ
",1,,itsa@otenet.gr,22730-28422,22730-28601,2273-028422,22730-28893,2273-028893,Σάμος,ΚΑΛΙΣΤΡΑΤΟΥ 12,831 00
ΠΥΘΑΙΣ,"


0.5 Χλμ
",2,www.pythaishotel.com,pythaishotel@gmail.com,22730-61526,,2273-061526,22730-61049,2273-061049,Πυθαγόρειο,ΠΥΘΑΓΟΡΕΙΟ ΣΑΜΟΥ,831 03
ΠΥΡΓΟΣ ΒΙΛΛΑΤΖ,"


0.5 Χλμ
",5,,,22740-22050,,2130-223933,,,Βολισσός,ΒΟΛΙΣΣΟΣ ΧΙΟΥ,821 03
ΠΥΡΓΟΣ ΒΙΛΛΑΤΖ-ΣΠΗΛΑΔΙΑ,"


4 Χλμ
",4,www.pyrgosvillage.gr,,22710-22436,,213-0223933,,21-09348555,Χίος,ΣΠΗΛΑΔΙΑ ΧΙΟΥ,821 00
ΠΥΡΓΟΣ ΜΥΤΙΛΗΝΗΣ,"


1.5 Χλμ
",4,www.pyrgoshotel.gr,info@pyrgoshotel.gr,22510-27977,22510-25069,,22510-47319,,Μυτιλήνη,ΕΛ.ΒΕΝΙΖΕΛΟΥ 49,811 00
ΠΥΡΓΟΣ ΣΟΦΟΚΛΕΟΥΣ,,4,www.pyrgossofokleous.gr,gkarinos@hotmail.com,2251040200,6974109377,,2251040200,,Μυτιλήνη,,81100
ΡΑΝΙΑ,"


0.05 Χλμ
",2,RANIABEACHSAMOS,gkarvanitis@hotmail.com,22730-95300,2273095306,21-06120442,22730-95300,,Ηραίο,ΗΡΑΙΟ ΣΑΜΟΥ,831 03
ΡΕΜΕΤΖΟ,"


12 Χλμ
",2,,desk@remezzo-hotel-pythagorion.com,22730-61120,22730-61816,2273-061120,22730-61637,2273-061637,Πυθαγόρειο,ΠΥΘΑΓΟΡΕΙΟ ΣΑΜΟΥ,831 03
ΡΕΝΑ,"


0.1 Χλμ
",1,,renahotelikaria@yahoo.com,22750-22903,22750-23991,2275-022486,,,Θέρμα,ΘΕΡΜΑ ΙΚΑΡΙΑΣ,833 00
ΣΑΜΑ,,2,www.sama.gr,sama@sama.gr,22730-61123,,,22730-61885,,Πυθαγόρειο,,831 03
ΣΑΜΑΙΝΑ,"


0.55 Χλμ
",2,www.samaina-hotel-samos.com,samainahotel@gmail.com,22730-61024,22730-62444,6936078159,,,Πυθαγόρειο,ΠΥΘΑΓΟΡΕΙΟΝ ΣΑΜΟΥ,831 03
ΣΑΜΑΙΝΑ ΙΝΝ,"


0.8 Χλμ
",4,www.samainahotels.gr,info@samainahotels.gr,22730-30400,22730-30850,2273-030850,22730-34471,2273-034471,Νέο Καρλοβάσι,ΚΑΡΛΟΒΑΣΙ ΣΑΜΟΥ,832 00
ΣΑΜΑΙΝΑ ΜΑΙΖΟΝΕΤΕΣ,"


0.8 Χλμ
",4,www.samainahotels.gr,katerinastavrou1@gmail.com,6946681155,22730-030850,2273-030850,22730-34471,2273-034471,Νέο Καρλοβάσι,ΚΑΡΛΟΒΑΣΙ ΣΑΜΟΥ,832 00
ΣΑΜΑΙΝΑ ΠΟΡΤ,"


1 Χλμ
",3,www.samainahotels.gr,info@samainahotels.gr,6946681155,22730-30610,2273-030850,22730-34471,2273-034471,Νέο Καρλοβάσι,ΚΑΡΛΟΒΑΣΙ ΣΑΜΟΥ,832 00
ΣΑΜΙΑΝ ΜΑΡΕ ΞΕΝΟΔΟΧΕΙΟ & ΣΟΥΙΤΕΣ,"


1.5 Χλμ
",4,,sales@ergons.gr,22730-30811/15,,2273-034004/8,22730-30816,2273-034009,Νέο Καρλοβάσι,ΚΑΡΛΟΒΑΣΙ ΣΑΜΟΥ,832 00
ΣΑΜΟΣ,"


0.2 Χλμ
",3,www.samoshotel.gr,hotsamos@otenet.gr,22730-28377,22730-28378,,22730-28482,,Σάμος,ΘΕΜ.ΣΟΦΟΥΛΗ 6,831 00
ΣΑΠΦΩ,"


1 Χλμ
",2,,hotel.sappho@gmail.com,22510-28415,22510-22888,,22510-24522,,Μυτιλήνη,ΚΟΥΝΤΟΥΡΙΩΤΟΥ 31,811 00
ΣΑΠΦΩ Η ΕΡΕΣΣΙΑ,"


0.01 Χλμ
",2,www.sappho-hotel.com,sappho.hotel@gmail.com,22530-53233,,21-09401780,22530-53174,21-09401780,Σκάλα Ερεσού,,811 05
ΣΕΒΔΑΛΗΣ,"


0.1 Χλμ
",2,,emmisevdali@gmail.com,2254022303,2254022691,,22540-25429,,Μύρινα,ΜΥΡΙΝΑ ΛΗΜΝΟΥ,814 00
ΣΙΡΕΝΑ ΡΕΖΙΝΤΕΝΣ,,4,www.sirena.gr,info@sirena.gr,22730-31035,,22730-35025,22730-31033,,Μαραθόκαμπος,ΚΑΣΤΡΙ ΚΑΜΠΟΥ ΜΑΡΑΘΟΚΑΜΠΟΥ,831 02
ΣΚΟΡΠΙΟΣ ΞΕΝΟΔΟΧΕΙΟ & ΣΟΥΙΤΕΣ,"


1 Χλμ
",3,www.e-scorpios.com,info@e-scorpios.com,2273022600,22730-22300,2273022600,-,2273024005,Σάμος,ΚΑΛΑΜΙ,831 00
ΣΜΑΡΑΓΔΑ,"


10 Χλμ
",2,,hotelsmaragda@yahoo.gr,22730-37017,,2273-078154,22730-37017,,Μαραθόκαμπος,ΜΑΡΑΘΟΚΑΜΠΟΣ ΣΑΜΟΥ,831 02
ΣΟΟΥ ΝΑΪΣ,"


1 Χλμ
",3,https://sonice-samos.com,info@sonice-samos.com,22730-37300,,2273037300,,,Κάμπος Μαραθοκάμπου,ΚΑΜΠΟΣ ΜΑΡΑΘΟΚΑΜΠΟΣ ΣΑΜΟΥ,831 02
ΣΟΡΟΚΚΟ,"


0.5 Χλμ
",3,,,22510-84414,,,,,Σκόπελος,ΓΕΡΑ,811 06
ΣΟΦΙΑ,"


25 Χλμ
",2,www.sofihotel.gr,info@sofihotel.gr,22730-37035,,22730-37035,,,Κάμπος Μαραθοκάμπου,καμπος μαραθοκαμπου,831 02
ΣΠΙΤΙ,"


0.04 Χλμ
",2,,info@spiti-samos.de,22730-95346,,2273-095346,22730-95411,,Ηραίο,ΗΡΑΙΟΝ ΣΑΜΟΥ,831 03
ΣΤΕΛΛΑ,"


4 Χλμ
",1,www.hotel-stella.gr,dgeorgalas98@hotmail.com,22730-37429,22730-31500,6932-424995,22730-37429,,Μαραθόκαμπος,,831 02
ΣΤΟΕΣ,,2,www.stoes.gr,info@stoes.gr,2271076377,,,2271043436,,Μεστά,,82102
ΣΤΡΑΤΟΣ,"


15 Χλμ
",2,www.stratoshotelsamos.com,info@stratoshotelsamos.com,22730-61880,,,22730-61881,,Πυθαγόρειο,ΠΥΘΑΓΟΡΕΙΟΝ ΣΑΜΟΥ,831 03
ΣΥΛΒΕΡ ΜΠΑΙΥ – ΑΣΗΜΕΝΙΟΣ ΚΟΛΠΟΣ,"


5 Χλμ
",3,www.silverbay.gr,info@silverbay.gr,22510-42410,22510-46638,,22510-42860,,Αλυφαντά,ΜΥΤΙΛΗΝΗ ΛΕΣΒΟΥ (ΑΛΥΦΑΝΤΑ),811 00
ΣΩΤΗΡΗΣ,"


0.5 Χλμ
",2,www.hotelsotiris.gr,papatonhotel@yahoo.gr,2254025416,2251043257,6909484988,22540-25816,,Μύρινα,ΑΝΔΡΩΝΙ,814 00
ΤΑΡΣΑΝΑΣ,,2,,gplast55@otenet.gr,22730-61210,,,,,Πυθαγόρειο,,831 03
ΤΟ ΚΥΜΑ,"


0.8 Χλμ
",3,www.kymalemnos.gr,info@kymalemnos.gr,22540-71333,22540-71066,2254-071333,22540-71484,2254-071484,Μούδρος,ΜΟΥΔΡΟΣ ΛΗΜΝΟΥ,814 01
ΤΟ ΜΑΣΤΙΧΟΣΠΙΤΟ ΣΤΟ ΠΥΡΓΙ,,3,www.mastihahouse.gr,info@mastihahouse.gr,22710-72900,,,,,Πυργί,ΠΥΡΓΙ ΧΙΟΥ,821 02
ΤΟ ΠΟΥΝΤΙ,"


0.5 Χλμ
",3,www.chioshotel-pounti.gr,chioshotel-pounti@hotmail.com,22710-72739,6977703863,6976886351,22710-72739,22710-44267,Πυργί,,821 02
ΤΣΙΓΚΩΝΑΣ,,3,,roukounakisk@gmail.com,2272023006,,,,,Καρδάμυλα,,82300
ΤΣΙΠΟΥΡΙ,,3,,gorgona5@otenet.gr,2253071877,,,2253071893,,Μήθυμνα,,81108
ΥΔΡΙΛΗ,"


17 Χλμ
",3,www.hydrelebeach.com,hydrele@sam.forthnet.gr,22730-61702,22730-61541,,22730-61602,,Ποτοκάκι,ΠΟΤΟΚΑΚΙ ΣΑΜΟΥ,831 03
ΦΑΙΔΡΑ,"


2 Χλμ
",3,,faidrabnb@gmail.com,2271081466,,,,,Χίος,ΛΙΒΑΝΟΥ 25,821 00
ΦΑΜΠΡΙΚΑ,"


0.2 Χλμ
",3,www.chiosfabrika.gr,fabrika_chios@yahoo.com,22740-22045,,,,,Βολισσός,ΒΟΛΙΣΣΟΣ ΧΙΟΥ,821 03
ΦΙΛΙΟΠΠΗ,"


0.1 Χλμ
",3,www.island-ikaria.com,filioppi@otenet.gr,22750-24124,22750-24058,,22750-24126,,Άγιος Κήρυκος,,833 00
ΦΙΛΟΚΤΗΤΗΣ,"


0.6 Χλμ
",2,www.hotelfiloktitis.gr,kiveli1974@yahoo.gr,2254023344,6936726600,6936726600,,2254024458,Μύρινα,,814 00
ΦΙΛΟΞΕΝΕΙΑ,"


1.5 Χλμ
",1,,aiposlp@gmail.com,22710-22813,6948064191,,22710-41329,,Χίος,ΒΟΥΠΑΛΟΥ 8,821 00
ΦΡΟΣΩ,"


13 Χλμ
",2,,,22730-61559,,2273-091540,22730-91674,2273-091674,Πυθαγόρειο,ΠΥΘΑΓΟΡΕΙΟ ΣΑΜΟΥ,831 03
ΦΥΤΩ,"


15 Χλμ
",3,www.fabresort.gr,info@fabresort.gr,2273062900,2273062900,2273-061244,22730-62045,2273-062045,Πυθαγόρειο,ΠΥΘΑΓΟΡΕΙΟΝ ΣΑΜΟΥ,831 03
ΦΩΤΟ,"


3 Χλμ
",2,,mariatripodi1987@gmail.com,22750-33055,,,22750-33055,,Εύδηλος,,833 02
ΧΑΛΚΙΩΤΗΣ ΞΕΝΟΔΟΧΕΙΟ & ΔΙΑΜΕΡΙΣΜΑΤΑ,"


17.8 Χλμ
",3,,papazoglou.dimitra@yahoo.gr,6947670590,,,,,Άναξος Σκουτάρου,,81109
ΧΑΡΙΣ,"


2 Χλμ
",3,www.harris-hotel.gr,info@harris-hotel.gr,22530-42221,6978-860157,6978-860157,22530-42221,,Άναξος Σκουτάρου,,811 09
ΧΙΟΣ ΧΑΝΔΡΗΣ,"


3 Χλμ
",4,www.chandris.gr,chios@chandris.gr,2271044401,2271040444,,22710-25768,,Χίος,ΕΥΓΕΝΙΑΣ ΧΑΝΔΡΗ 2 ΠΡΟΚΥΜΑ,821 00
ΧΡΙΣΤΙΝΑΣ ΓΚΑΡΝΤΕΝ,,2,www.christinas-garden.com,iggynatis@hotmail.com,6949203344,,2253041619,2253041649,2253041649,Άναξος Σκουτάρου,,81109
ΧΡΥΣΗ ΑΜΜΟΣ,"


8 Χλμ
",4,www.goldensand.gr,info@goldensand.gr,22710-32080/1,,2271-032080,22710-31700,2271-031700,Καρφάς,ΚΑΡΦΑΣ ΧΙΟΥ,821 00
ΧΡΥΣΗ ΟΔΥΣΣΕΙΑ,"


6 Χλμ
",3,,,22710-41709,41711,2271-041500,,2271-041715,Χίος,ΤΑΧ.ΘΥΡΙΔΑ 205,821 00
ΧΡΥΣΟΣ ΗΛΙΟΣ,"


0.15 Χλμ
",2,www.kokkari-goldensun.gr,goldensunsamos@gmail.com,22730-92161,,2273-092395,22730-92161,2273-092161,Κοκκάρι,,831 00
ΧΩΡΙΟ ΒΑΡΟΣ ΛΗΜΝΟΥ I,"


20 Χλμ
",4,www.varosvillage.com,director@varosvillage.com,22540-31728,210-7251038,6936782808,210 7295780,2254031726,Βάρος,ΒΑΡΟΣ ΛΗΜΝΟΥ,814 01
ΧΩΡΙΟ ΒΑΡΟΣ ΛΗΜΝΟΥ II,"


20 Χλμ
",4,www.varosvillage.com,director@varosvillage.com,22540-31728,210-7251038,,22540-31726,,Βάρος,ΒΑΡΟΣ ΛΗΜΝΟΥ,814 01
ΧΩΡΙΟ ΛΙΜΝΙΩΝΑ,"


15 Χλμ
",2,,harmonik@polites.tv,22730-37274,,2273-037274,22730-31740,2273-031740,Μαραθόκαμπος,ΜΑΡΑΘΟΚΑΜΠΟΣ ΣΑΜΟΥ,831 00
ΧΩΡΙΟ ΤΗΣ ΚΕΡΒΕΛΗΣ,"


10 Χλμ
",3,www.kerveli.gr,info@kerveli.gr,22730-23006,22730-22334,,22730-23006,,Χαραυγή,ΚΕΡΒΕΛΗ ΣΑΜΟΥ,831 00
ΨΑΡΑ,"


0.15 Χλμ
",1,,polixron@yahoo.gr,22740-61180,,,22740-61180,,Ψαρά,ΨΑΡΑ ΧΙΟΥ,821 04
ΩΚΕΑΝΙΑ,"


2 Χλμ
",1,,staytsir1988@yahoo.gr,22710-32272,,2271-031774,22710-31774,,Καρφάς,ΚΑΡΦΑΣ ΧΙΟΥ,821 00
ΩΚΕΑΝΙΣ,"


5 Χλμ
",2,www.studios-oceanis.gr,gdilanas@hotmail.com,22730-37333,,21-09344706,22730-37089,2273-037089,Μαραθόκαμπος,ΜΑΡΑΘΟΚΑΜΠΟΣ ΣΑΜΟΥ,831 02
ΩΡΑΙΑ ΘΕΑ,,1,,bellavista_mk@yahoo.gr,22730-27660,,2273-027660,,,Σάμος,ΚΑΛΑΜΙ,831 00
